Timestamp,Temperature,Status
31-12-2023 18:30,4.85,Safe
31-12-2023 18:35,4.78,Safe
31-12-2023 18:40,5.52,Safe
31-12-2023 18:45,5.71,Safe
31-12-2023 18:50,5.84,Safe
31-12-2023 18:55,5.82,Safe
31-12-2023 19:00,6.22,Safe
31-12-2023 19:05,6.07,Safe
31-12-2023 19:10,7.06,Safe
31-12-2023 19:15,6.87,Safe
31-12-2023 19:20,6.53,Safe
31-12-2023 19:25,7.45,Safe
31-12-2023 19:30,7.31,Safe
31-12-2023 19:35,6.99,Safe
31-12-2023 19:40,6.55,Safe
31-12-2023 19:45,6.25,Safe
31-12-2023 19:50,6.45,Safe
31-12-2023 19:55,6.41,Safe
31-12-2023 20:00,6.24,Safe
31-12-2023 20:05,6.37,Safe
31-12-2023 20:10,6.45,Safe
31-12-2023 20:15,6.26,Safe
31-12-2023 20:20,6.08,Safe
31-12-2023 20:25,6.1,Safe
31-12-2023 20:30,6.18,Safe
31-12-2023 20:35,7.17,Safe
31-12-2023 20:40,6.87,Safe
31-12-2023 20:45,6.35,Safe
31-12-2023 20:50,6.46,Safe
31-12-2023 20:55,6.41,Safe
31-12-2023 21:00,6.22,Safe
31-12-2023 21:05,7.2,Safe
31-12-2023 21:10,6.74,Safe
31-12-2023 21:15,6.46,Safe
31-12-2023 21:20,6.21,Safe
31-12-2023 21:25,6.22,Safe
31-12-2023 21:30,6.05,Safe
31-12-2023 21:35,5.86,Safe
31-12-2023 21:40,5.77,Safe
31-12-2023 21:45,6.09,Safe
31-12-2023 21:50,6.22,Safe
31-12-2023 21:55,6.42,Safe
31-12-2023 22:00,7.32,Safe
31-12-2023 22:05,6.89,Safe
31-12-2023 22:10,6.78,Safe
31-12-2023 22:15,6.46,Safe
31-12-2023 22:20,6.48,Safe
31-12-2023 22:25,6.93,Safe
31-12-2023 22:30,6.75,Safe
31-12-2023 22:35,6.3,Safe
31-12-2023 22:40,6.5,Safe
31-12-2023 22:45,6.41,Safe
31-12-2023 22:50,6.49,Safe
31-12-2023 22:55,6.3,Safe
31-12-2023 23:00,6.48,Safe
31-12-2023 23:05,6.21,Safe
31-12-2023 23:10,6.17,Safe
31-12-2023 23:15,6.06,Safe
31-12-2023 23:20,6.01,Safe
31-12-2023 23:25,5.96,Safe
31-12-2023 23:30,5.79,Safe
31-12-2023 23:35,5.82,Safe
31-12-2023 23:40,5.96,Safe
31-12-2023 23:45,5.78,Safe
31-12-2023 23:50,6.25,Safe
31-12-2023 23:55,6.25,Safe
01-01-2024 00:00,6.27,Safe
01-01-2024 00:05,6.28,Safe
01-01-2024 00:10,7.09,Safe
01-01-2024 00:15,6.66,Safe
01-01-2024 00:20,6.33,Safe
01-01-2024 00:25,6.41,Safe
01-01-2024 00:30,6.39,Safe
01-01-2024 00:35,6.24,Safe
01-01-2024 00:40,6.21,Safe
01-01-2024 00:45,6.08,Safe
01-01-2024 00:50,5.55,Safe
01-01-2024 00:55,5.71,Safe
01-01-2024 01:00,5.6,Safe
01-01-2024 01:05,5.54,Safe
01-01-2024 01:10,5.77,Safe
01-01-2024 01:15,5.59,Safe
01-01-2024 01:20,5.77,Safe
01-01-2024 01:25,5.78,Safe
01-01-2024 01:30,5.67,Safe
01-01-2024 01:35,6.63,Safe
01-01-2024 01:40,6.49,Safe
01-01-2024 01:45,6.29,Safe
01-01-2024 01:50,6.17,Safe
01-01-2024 01:55,6.19,Safe
01-01-2024 02:00,6.17,Safe
01-01-2024 02:05,6.09,Safe
01-01-2024 02:10,6.03,Safe
01-01-2024 02:15,6.13,Safe
01-01-2024 02:20,6.07,Safe
01-01-2024 02:25,6.13,Safe
01-01-2024 02:30,6.02,Safe
01-01-2024 02:35,6.14,Safe
01-01-2024 02:40,6.02,Safe
01-01-2024 02:45,6.15,Safe
01-01-2024 02:50,9.52,Warning
01-01-2024 02:55,9.22,Warning
01-01-2024 03:00,8.78,Warning
01-01-2024 03:05,8.57,Warning
01-01-2024 03:10,8.1,Warning
01-01-2024 03:15,7.98,Safe
01-01-2024 03:20,7.58,Safe
01-01-2024 03:25,7.44,Safe
01-01-2024 03:30,7.13,Safe
01-01-2024 03:35,6.85,Safe
01-01-2024 03:40,6.59,Safe
01-01-2024 03:45,6.43,Safe
01-01-2024 03:50,6.24,Safe
01-01-2024 03:55,6.21,Safe
01-01-2024 04:00,6.27,Safe
01-01-2024 04:05,6.44,Safe
01-01-2024 04:10,6.24,Safe
01-01-2024 04:15,7.06,Safe
01-01-2024 04:20,6.84,Safe
01-01-2024 04:25,6.62,Safe
01-01-2024 04:30,4.15,Safe
01-01-2024 04:35,4.27,Safe
01-01-2024 04:40,4.2,Safe
01-01-2024 04:45,4.17,Safe
01-01-2024 04:50,4.16,Safe
01-01-2024 04:55,4.17,Safe
01-01-2024 05:00,4.37,Safe
01-01-2024 05:05,4.29,Safe
01-01-2024 05:10,4.48,Safe
01-01-2024 05:15,4.53,Safe
01-01-2024 05:20,4.62,Safe
01-01-2024 05:25,4.73,Safe
01-01-2024 05:30,4.04,Safe
01-01-2024 05:35,4.06,Safe
01-01-2024 05:40,3.95,Safe
01-01-2024 05:45,3.92,Safe
01-01-2024 05:50,3.89,Safe
01-01-2024 05:55,3.96,Safe
01-01-2024 06:00,4.56,Safe
01-01-2024 06:05,4.5,Safe
01-01-2024 06:10,4.69,Safe
01-01-2024 06:15,4.6,Safe
01-01-2024 06:20,4.71,Safe
01-01-2024 06:25,4.62,Safe
01-01-2024 06:30,4.57,Safe
01-01-2024 06:35,4.37,Safe
01-01-2024 06:40,4.36,Safe
01-01-2024 06:45,4.17,Safe
01-01-2024 06:50,4.04,Safe
01-01-2024 06:55,4.2,Safe
01-01-2024 07:00,4.2,Safe
01-01-2024 07:05,4.17,Safe
01-01-2024 07:10,4.34,Safe
01-01-2024 07:15,4.23,Safe
01-01-2024 07:20,4.13,Safe
01-01-2024 07:25,4.33,Safe
01-01-2024 07:30,4.3,Safe
01-01-2024 07:35,4.46,Safe
01-01-2024 07:40,4.51,Safe
01-01-2024 07:45,4.41,Safe
01-01-2024 07:50,4.35,Safe
01-01-2024 07:55,4.16,Safe
01-01-2024 08:00,4.21,Safe
01-01-2024 08:05,4.12,Safe
01-01-2024 08:10,3.96,Safe
01-01-2024 08:15,4.12,Safe
01-01-2024 08:20,4.29,Safe
01-01-2024 08:25,4.13,Safe
01-01-2024 08:30,4.17,Safe
01-01-2024 08:35,4.25,Safe
01-01-2024 08:40,4.11,Safe
01-01-2024 08:45,4.85,Safe
01-01-2024 08:50,4.88,Safe
01-01-2024 08:55,4.83,Safe
01-01-2024 09:00,4.92,Safe
01-01-2024 09:05,4.94,Safe
01-01-2024 09:10,4.77,Safe
01-01-2024 09:15,4.62,Safe
01-01-2024 09:20,4.69,Safe
01-01-2024 09:25,4.69,Safe
01-01-2024 09:30,4.84,Safe
01-01-2024 09:35,4.94,Safe
01-01-2024 09:40,4.99,Safe
01-01-2024 09:45,5.17,Safe
01-01-2024 09:50,5.3,Safe
01-01-2024 09:55,5.26,Safe
01-01-2024 10:00,5.27,Safe
01-01-2024 10:05,5.24,Safe
01-01-2024 10:10,5.22,Safe
01-01-2024 10:15,5.21,Safe
01-01-2024 10:20,5.32,Safe
01-01-2024 10:25,5.4,Safe
01-01-2024 10:30,5.51,Safe
01-01-2024 10:35,5.47,Safe
01-01-2024 10:40,5.12,Safe
01-01-2024 10:45,5.99,Safe
01-01-2024 10:50,6.84,Safe
01-01-2024 10:55,6.46,Safe
01-01-2024 11:00,6.41,Safe
01-01-2024 11:05,6.3,Safe
01-01-2024 11:10,6.25,Safe
01-01-2024 11:15,6.14,Safe
01-01-2024 11:20,6.31,Safe
01-01-2024 11:25,6.16,Safe
01-01-2024 11:30,6.21,Safe
01-01-2024 11:35,6.74,Safe
01-01-2024 11:40,6.27,Safe
01-01-2024 11:45,6.38,Safe
01-01-2024 11:50,6.25,Safe
01-01-2024 11:55,6.23,Safe
01-01-2024 12:00,6.14,Safe
01-01-2024 12:05,6.02,Safe
01-01-2024 12:10,6.01,Safe
01-01-2024 12:15,6.17,Safe
01-01-2024 12:20,6.88,Safe
01-01-2024 12:25,6.7,Safe
01-01-2024 12:30,6.53,Safe
01-01-2024 12:35,6.4,Safe
01-01-2024 12:40,6.22,Safe
01-01-2024 12:45,6.32,Safe
01-01-2024 12:50,6.42,Safe
01-01-2024 12:55,7.34,Safe
01-01-2024 13:00,7.01,Safe
01-01-2024 13:05,6.72,Safe
01-01-2024 13:10,6.61,Safe
01-01-2024 13:15,6.45,Safe
01-01-2024 13:20,6.26,Safe
01-01-2024 13:25,6.4,Safe
01-01-2024 13:30,6.41,Safe
01-01-2024 13:35,6.33,Safe
01-01-2024 13:40,7.29,Safe
01-01-2024 13:45,7.04,Safe
01-01-2024 13:50,6.65,Safe
01-01-2024 13:55,6.48,Safe
01-01-2024 14:00,6.37,Safe
01-01-2024 14:05,6.26,Safe
01-01-2024 14:10,5.91,Safe
01-01-2024 14:15,6.69,Safe
01-01-2024 14:20,6.56,Safe
01-01-2024 14:25,6.29,Safe
01-01-2024 14:30,6.34,Safe
01-01-2024 14:35,6.77,Safe
01-01-2024 14:40,6.43,Safe
01-01-2024 14:45,6.25,Safe
01-01-2024 14:50,6.32,Safe
01-01-2024 14:55,6.22,Safe
01-01-2024 15:00,6.09,Safe
01-01-2024 15:05,5.46,Safe
01-01-2024 15:10,5.46,Safe
01-01-2024 15:15,5.49,Safe
01-01-2024 15:20,5.62,Safe
01-01-2024 15:25,5.42,Safe
01-01-2024 15:30,5.99,Safe
01-01-2024 15:35,6.67,Safe
01-01-2024 15:40,6.41,Safe
01-01-2024 15:45,7.02,Safe
01-01-2024 15:50,6.85,Safe
01-01-2024 15:55,6.47,Safe
01-01-2024 16:00,6.44,Safe
01-01-2024 16:05,6.39,Safe
01-01-2024 16:10,6.24,Safe
01-01-2024 16:15,6.06,Safe
01-01-2024 16:20,6.74,Safe
01-01-2024 16:25,6.37,Safe
01-01-2024 16:30,6.28,Safe
01-01-2024 16:35,6.59,Safe
01-01-2024 16:40,6.44,Safe
01-01-2024 16:45,7.39,Safe
01-01-2024 16:50,7.05,Safe
01-01-2024 16:55,6.65,Safe
01-01-2024 17:00,6.44,Safe
01-01-2024 17:05,6.45,Safe
01-01-2024 17:10,6.37,Safe
01-01-2024 17:15,7.32,Safe
01-01-2024 17:20,6.85,Safe
01-01-2024 17:25,7.36,Safe
01-01-2024 17:30,7.04,Safe
01-01-2024 17:35,6.55,Safe
01-01-2024 17:40,6.44,Safe
01-01-2024 17:45,6.38,Safe
01-01-2024 17:50,6.41,Safe
01-01-2024 17:55,6.88,Safe
01-01-2024 18:00,6.7,Safe
01-01-2024 18:05,6.45,Safe
01-01-2024 18:10,6.45,Safe
01-01-2024 18:15,6,Safe
01-01-2024 18:20,5.79,Safe
01-01-2024 18:25,5.81,Safe
01-01-2024 18:30,5.72,Safe
01-01-2024 18:35,5.97,Safe
01-01-2024 18:40,5.99,Safe
01-01-2024 18:45,5.83,Safe
01-01-2024 18:50,5.82,Safe
01-01-2024 18:55,6.22,Safe
01-01-2024 19:00,6.06,Safe
01-01-2024 19:05,6.08,Safe
01-01-2024 19:10,5.94,Safe
01-01-2024 19:15,5.78,Safe
01-01-2024 19:20,5.98,Safe
01-01-2024 19:25,6.17,Safe
01-01-2024 19:30,6.06,Safe
01-01-2024 19:35,5.97,Safe
01-01-2024 19:40,5.88,Safe
01-01-2024 19:45,5.71,Safe
01-01-2024 19:50,5.89,Safe
01-01-2024 19:55,5.86,Safe
01-01-2024 20:00,5.88,Safe
01-01-2024 20:05,5.79,Safe
01-01-2024 20:10,5.94,Safe
01-01-2024 20:15,5.76,Safe
01-01-2024 20:20,5.59,Safe
01-01-2024 20:25,5.54,Safe
01-01-2024 20:30,5.47,Safe
01-01-2024 20:35,5.62,Safe
01-01-2024 20:40,5.81,Safe
01-01-2024 20:45,5.97,Safe
01-01-2024 20:50,6.14,Safe
01-01-2024 20:55,6.27,Safe
01-01-2024 21:00,6.41,Safe
01-01-2024 21:05,6.43,Safe
01-01-2024 21:10,7.04,Safe
01-01-2024 21:15,6.75,Safe
01-01-2024 21:20,6.49,Safe
01-01-2024 21:25,6.3,Safe
01-01-2024 21:30,6.37,Safe
01-01-2024 21:35,6.25,Safe
01-01-2024 21:40,6.62,Safe
01-01-2024 21:45,7.53,Safe
01-01-2024 21:50,7.31,Safe
01-01-2024 21:55,6.82,Safe
01-01-2024 22:00,6.48,Safe
01-01-2024 22:05,6.32,Safe
01-01-2024 22:10,6.26,Safe
01-01-2024 22:15,6.34,Safe
01-01-2024 22:20,6.31,Safe
01-01-2024 22:25,6.47,Safe
01-01-2024 22:30,6.43,Safe
01-01-2024 22:35,6.37,Safe
01-01-2024 22:40,6.21,Safe
01-01-2024 22:45,6.04,Safe
01-01-2024 22:50,5.94,Safe
01-01-2024 22:55,5.81,Safe
01-01-2024 23:00,5.73,Safe
01-01-2024 23:05,5.67,Safe
01-01-2024 23:10,5.73,Safe
01-01-2024 23:15,5.87,Safe
01-01-2024 23:20,5.88,Safe
01-01-2024 23:25,5.91,Safe
01-01-2024 23:30,5.8,Safe
01-01-2024 23:35,5.75,Safe
01-01-2024 23:40,10.1,Risk
01-01-2024 23:45,9.89,Warning
01-01-2024 23:50,9.48,Warning
01-01-2024 23:55,9.23,Warning
02-01-2024 00:00,8.76,Warning
02-01-2024 00:05,8.52,Warning
02-01-2024 00:10,8.1,Warning
02-01-2024 00:15,7.89,Safe
02-01-2024 00:20,7.77,Safe
02-01-2024 00:25,7.39,Safe
02-01-2024 00:30,7.17,Safe
02-01-2024 00:35,6.99,Safe
02-01-2024 00:40,6.73,Safe
02-01-2024 00:45,6.59,Safe
02-01-2024 00:50,6.28,Safe
02-01-2024 00:55,6.4,Safe
02-01-2024 01:00,6.32,Safe
02-01-2024 01:05,6.44,Safe
02-01-2024 01:10,6.33,Safe
02-01-2024 01:15,6.28,Safe
02-01-2024 01:20,5.1,Safe
02-01-2024 01:25,5.1,Safe
02-01-2024 01:30,5.26,Safe
02-01-2024 01:35,5.38,Safe
02-01-2024 01:40,5.41,Safe
02-01-2024 01:45,5.42,Safe
02-01-2024 01:50,5.28,Safe
02-01-2024 01:55,5.47,Safe
02-01-2024 02:00,5.57,Safe
02-01-2024 02:05,5.46,Safe
02-01-2024 02:10,5.46,Safe
02-01-2024 02:15,5.52,Safe
02-01-2024 02:20,5.36,Safe
02-01-2024 02:25,5.53,Safe
02-01-2024 02:30,5.4,Safe
02-01-2024 02:35,5.33,Safe
02-01-2024 02:40,5.23,Safe
02-01-2024 02:45,5.48,Safe
02-01-2024 02:50,5.59,Safe
02-01-2024 02:55,5.52,Safe
02-01-2024 03:00,5.63,Safe
02-01-2024 03:05,5.57,Safe
02-01-2024 03:10,5.59,Safe
02-01-2024 03:15,5.55,Safe
02-01-2024 03:20,5.43,Safe
02-01-2024 03:25,5.3,Safe
02-01-2024 03:30,5.35,Safe
02-01-2024 03:35,5.23,Safe
02-01-2024 03:40,6.04,Safe
02-01-2024 03:45,5.93,Safe
02-01-2024 03:50,6.02,Safe
02-01-2024 03:55,6.16,Safe
02-01-2024 04:00,7,Safe
02-01-2024 04:05,6.51,Safe
02-01-2024 04:10,6.24,Safe
02-01-2024 04:15,6.24,Safe
02-01-2024 04:20,6.32,Safe
02-01-2024 04:25,6.38,Safe
02-01-2024 04:30,6.39,Safe
02-01-2024 04:35,6.34,Safe
02-01-2024 04:40,6.19,Safe
02-01-2024 04:45,6.11,Safe
02-01-2024 04:50,6.22,Safe
02-01-2024 04:55,6.28,Safe
02-01-2024 05:00,6.4,Safe
02-01-2024 05:05,6.21,Safe
02-01-2024 05:10,6.35,Safe
02-01-2024 05:15,6.46,Safe
02-01-2024 05:20,6.47,Safe
02-01-2024 05:25,6.23,Safe
02-01-2024 05:30,6.18,Safe
02-01-2024 05:35,6.8,Safe
02-01-2024 05:40,6.33,Safe
02-01-2024 05:45,6.83,Safe
02-01-2024 05:50,6.53,Safe
02-01-2024 05:55,6.2,Safe
02-01-2024 06:00,6.07,Safe
02-01-2024 06:05,6.17,Safe
02-01-2024 06:10,6.14,Safe
02-01-2024 06:15,6.25,Safe
02-01-2024 06:20,6.18,Safe
02-01-2024 06:25,6.21,Safe
02-01-2024 06:30,6.17,Safe
02-01-2024 06:35,6.32,Safe
02-01-2024 06:40,6.49,Safe
02-01-2024 06:45,6.22,Safe
02-01-2024 06:50,6.02,Safe
02-01-2024 06:55,5.94,Safe
02-01-2024 07:00,6.69,Safe
02-01-2024 07:05,6.42,Safe
02-01-2024 07:10,6.27,Safe
02-01-2024 07:15,6.23,Safe
02-01-2024 07:20,6.3,Safe
02-01-2024 07:25,6.66,Safe
02-01-2024 07:30,6.24,Safe
02-01-2024 07:35,6.22,Safe
02-01-2024 07:40,6.29,Safe
02-01-2024 07:45,6.27,Safe
02-01-2024 07:50,6.4,Safe
02-01-2024 07:55,6.89,Safe
02-01-2024 08:00,6.45,Safe
02-01-2024 08:05,6.12,Safe
02-01-2024 08:10,5.86,Safe
02-01-2024 08:15,6.45,Safe
02-01-2024 08:20,6.22,Safe
02-01-2024 08:25,6.15,Safe
02-01-2024 08:30,5.75,Safe
02-01-2024 08:35,5.91,Safe
02-01-2024 08:40,6.1,Safe
02-01-2024 08:45,6.19,Safe
02-01-2024 08:50,6.37,Safe
02-01-2024 08:55,6.24,Safe
02-01-2024 09:00,6.23,Safe
02-01-2024 09:05,6.1,Safe
02-01-2024 09:10,6.21,Safe
02-01-2024 09:15,6.32,Safe
02-01-2024 09:20,6.3,Safe
02-01-2024 09:25,6.19,Safe
02-01-2024 09:30,6.15,Safe
02-01-2024 09:35,6.98,Safe
02-01-2024 09:40,6.62,Safe
02-01-2024 09:45,6.3,Safe
02-01-2024 09:50,6.3,Safe
02-01-2024 09:55,6.48,Safe
02-01-2024 10:00,6.22,Safe
02-01-2024 10:05,6.07,Safe
02-01-2024 10:10,5.92,Safe
02-01-2024 10:15,5.77,Safe
02-01-2024 10:20,5.82,Safe
02-01-2024 10:25,5.98,Safe
02-01-2024 10:30,5.8,Safe
02-01-2024 10:35,5.82,Safe
02-01-2024 10:40,5.2,Safe
02-01-2024 10:45,5.15,Safe
02-01-2024 10:50,5.12,Safe
02-01-2024 10:55,4.52,Safe
02-01-2024 11:00,4.64,Safe
02-01-2024 11:05,4.59,Safe
02-01-2024 11:10,4.57,Safe
02-01-2024 11:15,4.55,Safe
02-01-2024 11:20,4.52,Safe
02-01-2024 11:25,4.38,Safe
02-01-2024 11:30,4.2,Safe
02-01-2024 11:35,4.05,Safe
02-01-2024 11:40,3.89,Safe
02-01-2024 11:45,3.75,Safe
02-01-2024 11:50,3.6,Safe
02-01-2024 11:55,3.7,Safe
02-01-2024 12:00,3.53,Safe
02-01-2024 12:05,3.78,Safe
02-01-2024 12:10,3.6,Safe
02-01-2024 12:15,3.63,Safe
02-01-2024 12:20,3.77,Safe
02-01-2024 12:25,3.81,Safe
02-01-2024 12:30,3.91,Safe
02-01-2024 12:35,3.75,Safe
02-01-2024 12:40,3.63,Safe
02-01-2024 12:45,3.73,Safe
02-01-2024 12:50,4.42,Safe
02-01-2024 12:55,4.32,Safe
02-01-2024 13:00,4.13,Safe
02-01-2024 13:05,4.23,Safe
02-01-2024 13:10,4.05,Safe
02-01-2024 13:15,4.02,Safe
02-01-2024 13:20,4.97,Safe
02-01-2024 13:25,4.96,Safe
02-01-2024 13:30,5.06,Safe
02-01-2024 13:35,4.87,Safe
02-01-2024 13:40,5.06,Safe
02-01-2024 13:45,5.23,Safe
02-01-2024 13:50,5.08,Safe
02-01-2024 13:55,5.27,Safe
02-01-2024 14:00,5.43,Safe
02-01-2024 14:05,5.3,Safe
02-01-2024 14:10,5.37,Safe
02-01-2024 14:15,5.33,Safe
02-01-2024 14:20,5.2,Safe
02-01-2024 14:25,5.25,Safe
02-01-2024 14:30,4.57,Safe
02-01-2024 14:35,4.43,Safe
02-01-2024 14:40,4.6,Safe
02-01-2024 14:45,4.58,Safe
02-01-2024 14:50,4.95,Safe
02-01-2024 14:55,5.01,Safe
02-01-2024 15:00,5.07,Safe
02-01-2024 15:05,4.88,Safe
02-01-2024 15:10,4.99,Safe
02-01-2024 15:15,5.28,Safe
02-01-2024 15:20,5.69,Safe
02-01-2024 15:25,5.5,Safe
02-01-2024 15:30,5.24,Safe
02-01-2024 15:35,5.16,Safe
02-01-2024 15:40,5.03,Safe
02-01-2024 15:45,5.06,Safe
02-01-2024 15:50,4.87,Safe
02-01-2024 15:55,4.8,Safe
02-01-2024 16:00,4.68,Safe
02-01-2024 16:05,4.3,Safe
02-01-2024 16:10,4.2,Safe
02-01-2024 16:15,4.34,Safe
02-01-2024 16:20,4.24,Safe
02-01-2024 16:25,4.44,Safe
02-01-2024 16:30,4.62,Safe
02-01-2024 16:35,4.62,Safe
02-01-2024 16:40,4.74,Safe
02-01-2024 16:45,4.88,Safe
02-01-2024 16:50,4.98,Safe
02-01-2024 16:55,5.01,Safe
02-01-2024 17:00,4.76,Safe
02-01-2024 17:05,4.94,Safe
02-01-2024 17:10,4.8,Safe
02-01-2024 17:15,4.96,Safe
02-01-2024 17:20,5.02,Safe
02-01-2024 17:25,5.02,Safe
02-01-2024 17:30,5.8,Safe
02-01-2024 17:35,5.88,Safe
02-01-2024 17:40,5.77,Safe
02-01-2024 17:45,5.84,Safe
02-01-2024 17:50,5.65,Safe
02-01-2024 17:55,5.45,Safe
02-01-2024 18:00,5.81,Safe
02-01-2024 18:05,5.87,Safe
02-01-2024 18:10,5.87,Safe
02-01-2024 18:15,5.74,Safe
02-01-2024 18:20,5.63,Safe
02-01-2024 18:25,5.53,Safe
02-01-2024 18:30,5.44,Safe
02-01-2024 18:35,5.54,Safe
02-01-2024 18:40,5.63,Safe
02-01-2024 18:45,5.81,Safe
02-01-2024 18:50,5.69,Safe
02-01-2024 18:55,6.42,Safe
02-01-2024 19:00,6.27,Safe
02-01-2024 19:05,6.54,Safe
02-01-2024 19:10,6.32,Safe
02-01-2024 19:15,6.15,Safe
02-01-2024 19:20,6.18,Safe
02-01-2024 19:25,6.36,Safe
02-01-2024 19:30,6.27,Safe
02-01-2024 19:35,6.87,Safe
02-01-2024 19:40,6.72,Safe
02-01-2024 19:45,6.56,Safe
02-01-2024 19:50,6.47,Safe
02-01-2024 19:55,6.93,Safe
02-01-2024 20:00,6.62,Safe
02-01-2024 20:05,6.44,Safe
02-01-2024 20:10,6.3,Safe
02-01-2024 20:15,6.35,Safe
02-01-2024 20:20,6.71,Safe
02-01-2024 20:25,6.51,Safe
02-01-2024 20:30,9.14,Warning
02-01-2024 20:35,8.65,Warning
02-01-2024 20:40,8.31,Warning
02-01-2024 20:45,8.07,Warning
02-01-2024 20:50,7.59,Safe
02-01-2024 20:55,7.27,Safe
02-01-2024 21:00,6.92,Safe
02-01-2024 21:05,6.43,Safe
02-01-2024 21:10,6.35,Safe
02-01-2024 21:15,6.28,Safe
02-01-2024 21:20,6.41,Safe
02-01-2024 21:25,6.26,Safe
02-01-2024 21:30,6.27,Safe
02-01-2024 21:35,6.11,Safe
02-01-2024 21:40,6.08,Safe
02-01-2024 21:45,5.93,Safe
02-01-2024 21:50,6,Safe
02-01-2024 21:55,5.86,Safe
02-01-2024 22:00,6.01,Safe
02-01-2024 22:05,6.12,Safe
02-01-2024 22:10,4.02,Safe
02-01-2024 22:15,4.1,Safe
02-01-2024 22:20,4.14,Safe
02-01-2024 22:25,4.22,Safe
02-01-2024 22:30,4.34,Safe
02-01-2024 22:35,4.28,Safe
02-01-2024 22:40,4.15,Safe
02-01-2024 22:45,4.25,Safe
02-01-2024 22:50,5.11,Safe
02-01-2024 22:55,5.28,Safe
02-01-2024 23:00,5.38,Safe
02-01-2024 23:05,5.24,Safe
02-01-2024 23:10,5.42,Safe
02-01-2024 23:15,5.56,Safe
02-01-2024 23:20,5.76,Safe
02-01-2024 23:25,5.85,Safe
02-01-2024 23:30,5.94,Safe
02-01-2024 23:35,6.02,Safe
02-01-2024 23:40,6.12,Safe
02-01-2024 23:45,5.95,Safe
02-01-2024 23:50,5.99,Safe
02-01-2024 23:55,5.86,Safe
03-01-2024 00:00,5.76,Safe
03-01-2024 00:05,5.58,Safe
03-01-2024 00:10,5.52,Safe
03-01-2024 00:15,5.7,Safe
03-01-2024 00:20,5.58,Safe
03-01-2024 00:25,5.43,Safe
03-01-2024 00:30,5.34,Safe
03-01-2024 00:35,5.25,Safe
03-01-2024 00:40,5.08,Safe
03-01-2024 00:45,5.13,Safe
03-01-2024 00:50,4.94,Safe
03-01-2024 00:55,4.82,Safe
03-01-2024 01:00,4.93,Safe
03-01-2024 01:05,4.86,Safe
03-01-2024 01:10,5.01,Safe
03-01-2024 01:15,4.99,Safe
03-01-2024 01:20,4.84,Safe
03-01-2024 01:25,4.96,Safe
03-01-2024 01:30,5.13,Safe
03-01-2024 01:35,5.29,Safe
03-01-2024 01:40,5.28,Safe
03-01-2024 01:45,5.35,Safe
03-01-2024 01:50,5.2,Safe
03-01-2024 01:55,5.32,Safe
03-01-2024 02:00,5.25,Safe
03-01-2024 02:05,5.35,Safe
03-01-2024 02:10,5.39,Safe
03-01-2024 02:15,5.36,Safe
03-01-2024 02:20,5.52,Safe
03-01-2024 02:25,5.66,Safe
03-01-2024 02:30,6.56,Safe
03-01-2024 02:35,6.39,Safe
03-01-2024 02:40,6.29,Safe
03-01-2024 02:45,6.32,Safe
03-01-2024 02:50,6.31,Safe
03-01-2024 02:55,6.32,Safe
03-01-2024 03:00,6.22,Safe
03-01-2024 03:05,6.36,Safe
03-01-2024 03:10,6.45,Safe
03-01-2024 03:15,6.37,Safe
03-01-2024 03:20,6.36,Safe
03-01-2024 03:25,6.25,Safe
03-01-2024 03:30,6.05,Safe
03-01-2024 03:35,6.22,Safe
03-01-2024 03:40,6.12,Safe
03-01-2024 03:45,5.95,Safe
03-01-2024 03:50,5.88,Safe
03-01-2024 03:55,5.73,Safe
03-01-2024 04:00,5.67,Safe
03-01-2024 04:05,6.65,Safe
03-01-2024 04:10,6.44,Safe
03-01-2024 04:15,6.42,Safe
03-01-2024 04:20,6.42,Safe
03-01-2024 04:25,6.31,Safe
03-01-2024 04:30,6.46,Safe
03-01-2024 04:35,6.31,Safe
03-01-2024 04:40,6.39,Safe
03-01-2024 04:45,6.31,Safe
03-01-2024 04:50,6.22,Safe
03-01-2024 04:55,6.07,Safe
03-01-2024 05:00,6.01,Safe
03-01-2024 05:05,5.88,Safe
03-01-2024 05:10,6.39,Safe
03-01-2024 05:15,6.23,Safe
03-01-2024 05:20,6.28,Safe
03-01-2024 05:25,6.42,Safe
03-01-2024 05:30,6.39,Safe
03-01-2024 05:35,6.23,Safe
03-01-2024 05:40,6.31,Safe
03-01-2024 05:45,6.4,Safe
03-01-2024 05:50,6.21,Safe
03-01-2024 05:55,6.05,Safe
03-01-2024 06:00,5.48,Safe
03-01-2024 06:05,5.38,Safe
03-01-2024 06:10,5.45,Safe
03-01-2024 06:15,5.4,Safe
03-01-2024 06:20,5.43,Safe
03-01-2024 06:25,5.51,Safe
03-01-2024 06:30,5.53,Safe
03-01-2024 06:35,5.64,Safe
03-01-2024 06:40,5.72,Safe
03-01-2024 06:45,5.91,Safe
03-01-2024 06:50,5.82,Safe
03-01-2024 06:55,5.97,Safe
03-01-2024 07:00,5.42,Safe
03-01-2024 07:05,5.46,Safe
03-01-2024 07:10,5.63,Safe
03-01-2024 07:15,5.55,Safe
03-01-2024 07:20,5.65,Safe
03-01-2024 07:25,5.65,Safe
03-01-2024 07:30,5.78,Safe
03-01-2024 07:35,5.9,Safe
03-01-2024 07:40,5.92,Safe
03-01-2024 07:45,5.81,Safe
03-01-2024 07:50,5.95,Safe
03-01-2024 07:55,5.78,Safe
03-01-2024 08:00,5.94,Safe
03-01-2024 08:05,5.67,Safe
03-01-2024 08:10,5.76,Safe
03-01-2024 08:15,5.64,Safe
03-01-2024 08:20,6.6,Safe
03-01-2024 08:25,6.35,Safe
03-01-2024 08:30,6.37,Safe
03-01-2024 08:35,6.32,Safe
03-01-2024 08:40,6.26,Safe
03-01-2024 08:45,6.39,Safe
03-01-2024 08:50,6.43,Safe
03-01-2024 08:55,6.34,Safe
03-01-2024 09:00,6.21,Safe
03-01-2024 09:05,6.25,Safe
03-01-2024 09:10,6.06,Safe
03-01-2024 09:15,6.07,Safe
03-01-2024 09:20,6.24,Safe
03-01-2024 09:25,6.27,Safe
03-01-2024 09:30,6.32,Safe
03-01-2024 09:35,6.39,Safe
03-01-2024 09:40,6.25,Safe
03-01-2024 09:45,6.37,Safe
03-01-2024 09:50,6.02,Safe
03-01-2024 09:55,6.52,Safe
03-01-2024 10:00,6.41,Safe
03-01-2024 10:05,6.4,Safe
03-01-2024 10:10,6.25,Safe
03-01-2024 10:15,6.91,Safe
03-01-2024 10:20,6.64,Safe
03-01-2024 10:25,6.28,Safe
03-01-2024 10:30,6.13,Safe
03-01-2024 10:35,6.28,Safe
03-01-2024 10:40,6.4,Safe
03-01-2024 10:45,5.73,Safe
03-01-2024 10:50,5.86,Safe
03-01-2024 10:55,6.84,Safe
03-01-2024 11:00,6.71,Safe
03-01-2024 11:05,6.55,Safe
03-01-2024 11:10,6.38,Safe
03-01-2024 11:15,6.4,Safe
03-01-2024 11:20,6.27,Safe
03-01-2024 11:25,6.13,Safe
03-01-2024 11:30,5.94,Safe
03-01-2024 11:35,6.02,Safe
03-01-2024 11:40,5.83,Safe
03-01-2024 11:45,5.8,Safe
03-01-2024 11:50,5.98,Safe
03-01-2024 11:55,6.07,Safe
03-01-2024 12:00,5.89,Safe
03-01-2024 12:05,6.62,Safe
03-01-2024 12:10,6.3,Safe
03-01-2024 12:15,6.22,Safe
03-01-2024 12:20,6.3,Safe
03-01-2024 12:25,6.45,Safe
03-01-2024 12:30,6.99,Safe
03-01-2024 12:35,6.82,Safe
03-01-2024 12:40,6.72,Safe
03-01-2024 12:45,6.24,Safe
03-01-2024 12:50,6.26,Safe
03-01-2024 12:55,6.15,Safe
03-01-2024 13:00,6.07,Safe
03-01-2024 13:05,6.16,Safe
03-01-2024 13:10,6.06,Safe
03-01-2024 13:15,6.23,Safe
03-01-2024 13:20,6.27,Safe
03-01-2024 13:25,6.45,Safe
03-01-2024 13:30,6.36,Safe
03-01-2024 13:35,6.26,Safe
03-01-2024 13:40,6.42,Safe
03-01-2024 13:45,6.42,Safe
03-01-2024 13:50,6.48,Safe
03-01-2024 13:55,6.48,Safe
03-01-2024 14:00,6.25,Safe
03-01-2024 14:05,6.35,Safe
03-01-2024 14:10,7.06,Safe
03-01-2024 14:15,7.76,Safe
03-01-2024 14:20,7.32,Safe
03-01-2024 14:25,7,Safe
03-01-2024 14:30,6.85,Safe
03-01-2024 14:35,6.4,Safe
03-01-2024 14:40,6.89,Safe
03-01-2024 14:45,7.43,Safe
03-01-2024 14:50,7.19,Safe
03-01-2024 14:55,6.95,Safe
03-01-2024 15:00,6.67,Safe
03-01-2024 15:05,6.49,Safe
03-01-2024 15:10,6.21,Safe
03-01-2024 15:15,6.89,Safe
03-01-2024 15:20,6.39,Safe
03-01-2024 15:25,6.25,Safe
03-01-2024 15:30,6.3,Safe
03-01-2024 15:35,6.43,Safe
03-01-2024 15:40,6.4,Safe
03-01-2024 15:45,6.84,Safe
03-01-2024 15:50,6.56,Safe
03-01-2024 15:55,6.29,Safe
03-01-2024 16:00,6.27,Safe
03-01-2024 16:05,6.13,Safe
03-01-2024 16:10,6.15,Safe
03-01-2024 16:15,6.27,Safe
03-01-2024 16:20,6.34,Safe
03-01-2024 16:25,6.17,Safe
03-01-2024 16:30,6.27,Safe
03-01-2024 16:35,6.09,Safe
03-01-2024 16:40,6.17,Safe
03-01-2024 16:45,6.3,Safe
03-01-2024 16:50,6.2,Safe
03-01-2024 16:55,6.62,Safe
03-01-2024 17:00,6.35,Safe
03-01-2024 17:05,6.96,Safe
03-01-2024 17:10,6.3,Safe
03-01-2024 17:15,6.49,Safe
03-01-2024 17:20,8.01,Warning
03-01-2024 17:25,7.83,Safe
03-01-2024 17:30,7.4,Safe
03-01-2024 17:35,7.05,Safe
03-01-2024 17:40,6.67,Safe
03-01-2024 17:45,6.39,Safe
03-01-2024 17:50,6.27,Safe
03-01-2024 17:55,6.4,Safe
03-01-2024 18:00,6.35,Safe
03-01-2024 18:05,6.2,Safe
03-01-2024 18:10,6.38,Safe
03-01-2024 18:15,6.47,Safe
03-01-2024 18:20,6.32,Safe
03-01-2024 18:25,6.27,Safe
03-01-2024 18:30,6.17,Safe
03-01-2024 18:35,5.99,Safe
03-01-2024 18:40,6.18,Safe
03-01-2024 18:45,6.13,Safe
03-01-2024 18:50,6.05,Safe
03-01-2024 18:55,6.03,Safe
03-01-2024 19:00,3.26,Safe
03-01-2024 19:05,3.62,Safe
03-01-2024 19:10,3.8,Safe
03-01-2024 19:15,3.63,Safe
03-01-2024 19:20,3.51,Safe
03-01-2024 19:25,3.68,Safe
03-01-2024 19:30,3.72,Safe
03-01-2024 19:35,3.64,Safe
03-01-2024 19:40,3.73,Safe
03-01-2024 19:45,3.82,Safe
03-01-2024 19:50,4.01,Safe
03-01-2024 19:55,4.14,Safe
03-01-2024 20:00,3.97,Safe
03-01-2024 20:05,3.8,Safe
03-01-2024 20:10,3.83,Safe
03-01-2024 20:15,3.93,Safe
03-01-2024 20:20,4.93,Safe
03-01-2024 20:25,5.05,Safe
03-01-2024 20:30,5.17,Safe
03-01-2024 20:35,5.13,Safe
03-01-2024 20:40,4.97,Safe
03-01-2024 20:45,5.09,Safe
03-01-2024 20:50,5.11,Safe
03-01-2024 20:55,5.2,Safe
03-01-2024 21:00,5.26,Safe
03-01-2024 21:05,5.45,Safe
03-01-2024 21:10,5.53,Safe
03-01-2024 21:15,5.42,Safe
03-01-2024 21:20,5.82,Safe
03-01-2024 21:25,5.86,Safe
03-01-2024 21:30,5.73,Safe
03-01-2024 21:35,5.79,Safe
03-01-2024 21:40,6.15,Safe
03-01-2024 21:45,6.04,Safe
03-01-2024 21:50,6.17,Safe
03-01-2024 21:55,6.02,Safe
03-01-2024 22:00,5.95,Safe
03-01-2024 22:05,5.92,Safe
03-01-2024 22:10,6.11,Safe
03-01-2024 22:15,6.2,Safe
03-01-2024 22:20,6.72,Safe
03-01-2024 22:25,6.31,Safe
03-01-2024 22:30,6.45,Safe
03-01-2024 22:35,5.82,Safe
03-01-2024 22:40,5.78,Safe
03-01-2024 22:45,6.53,Safe
03-01-2024 22:50,6.47,Safe
03-01-2024 22:55,6.35,Safe
03-01-2024 23:00,6.79,Safe
03-01-2024 23:05,6.65,Safe
03-01-2024 23:10,6.31,Safe
03-01-2024 23:15,6.24,Safe
03-01-2024 23:20,6.11,Safe
03-01-2024 23:25,6.11,Safe
03-01-2024 23:30,5.94,Safe
03-01-2024 23:35,6.1,Safe
03-01-2024 23:40,6.02,Safe
03-01-2024 23:45,6.16,Safe
03-01-2024 23:50,6.26,Safe
03-01-2024 23:55,6.41,Safe
04-01-2024 00:00,6.29,Safe
04-01-2024 00:05,6.42,Safe
04-01-2024 00:10,6.44,Safe
04-01-2024 00:15,6.2,Safe
04-01-2024 00:20,6.22,Safe
04-01-2024 00:25,6.06,Safe
04-01-2024 00:30,6.04,Safe
04-01-2024 00:35,6.05,Safe
04-01-2024 00:40,6.08,Safe
04-01-2024 00:45,7.04,Safe
04-01-2024 00:50,6.71,Safe
04-01-2024 00:55,6.28,Safe
04-01-2024 01:00,6.47,Safe
04-01-2024 01:05,6.29,Safe
04-01-2024 01:10,6.16,Safe
04-01-2024 01:15,5.98,Safe
04-01-2024 01:20,6.17,Safe
04-01-2024 01:25,6.37,Safe
04-01-2024 01:30,6.49,Safe
04-01-2024 01:35,6.43,Safe
04-01-2024 01:40,6.3,Safe
04-01-2024 01:45,5.71,Safe
04-01-2024 01:50,6.45,Safe
04-01-2024 01:55,6.21,Safe
04-01-2024 02:00,6.02,Safe
04-01-2024 02:05,6.11,Safe
04-01-2024 02:10,6.17,Safe
04-01-2024 02:15,6.28,Safe
04-01-2024 02:20,6.16,Safe
04-01-2024 02:25,6.33,Safe
04-01-2024 02:30,6.4,Safe
04-01-2024 02:35,6.36,Safe
04-01-2024 02:40,6.25,Safe
04-01-2024 02:45,6.36,Safe
04-01-2024 02:50,6.41,Safe
04-01-2024 02:55,6.24,Safe
04-01-2024 03:00,6.42,Safe
04-01-2024 03:05,6.92,Safe
04-01-2024 03:10,6.43,Safe
04-01-2024 03:15,6.42,Safe
04-01-2024 03:20,6.34,Safe
04-01-2024 03:25,6.2,Safe
04-01-2024 03:30,6.36,Safe
04-01-2024 03:35,6.24,Safe
04-01-2024 03:40,6.09,Safe
04-01-2024 03:45,6.17,Safe
04-01-2024 03:50,6.15,Safe
04-01-2024 03:55,6.07,Safe
04-01-2024 04:00,6.26,Safe
04-01-2024 04:05,6.4,Safe
04-01-2024 04:10,6.3,Safe
04-01-2024 04:15,6.47,Safe
04-01-2024 04:20,6.3,Safe
04-01-2024 04:25,6.12,Safe
04-01-2024 04:30,6.57,Safe
04-01-2024 04:35,6.21,Safe
04-01-2024 04:40,6.25,Safe
04-01-2024 04:45,6.14,Safe
04-01-2024 04:50,6.1,Safe
04-01-2024 04:55,5.96,Safe
04-01-2024 05:00,5.39,Safe
04-01-2024 05:05,5.38,Safe
04-01-2024 05:10,5.32,Safe
04-01-2024 05:15,5.18,Safe
04-01-2024 05:20,5.3,Safe
04-01-2024 05:25,5.31,Safe
04-01-2024 05:30,5.49,Safe
04-01-2024 05:35,5.58,Safe
04-01-2024 05:40,5.57,Safe
04-01-2024 05:45,5.29,Safe
04-01-2024 05:50,5.17,Safe
04-01-2024 05:55,5.02,Safe
04-01-2024 06:00,5.19,Safe
04-01-2024 06:05,5.31,Safe
04-01-2024 06:10,5.16,Safe
04-01-2024 06:15,4.63,Safe
04-01-2024 06:20,5.04,Safe
04-01-2024 06:25,5.05,Safe
04-01-2024 06:30,5.11,Safe
04-01-2024 06:35,6.07,Safe
04-01-2024 06:40,6.24,Safe
04-01-2024 06:45,7.14,Safe
04-01-2024 06:50,6.94,Safe
04-01-2024 06:55,6.71,Safe
04-01-2024 07:00,6.35,Safe
04-01-2024 07:05,6.94,Safe
04-01-2024 07:10,6.47,Safe
04-01-2024 07:15,7.04,Safe
04-01-2024 07:20,6.66,Safe
04-01-2024 07:25,7.04,Safe
04-01-2024 07:30,6.64,Safe
04-01-2024 07:35,6.36,Safe
04-01-2024 07:40,6.48,Safe
04-01-2024 07:45,6.27,Safe
04-01-2024 07:50,6.4,Safe
04-01-2024 07:55,6.42,Safe
04-01-2024 08:00,5.73,Safe
04-01-2024 08:05,5.63,Safe
04-01-2024 08:10,5.56,Safe
04-01-2024 08:15,5.67,Safe
04-01-2024 08:20,5.71,Safe
04-01-2024 08:25,5.43,Safe
04-01-2024 08:30,5.27,Safe
04-01-2024 08:35,5.4,Safe
04-01-2024 08:40,4.72,Safe
04-01-2024 08:45,4.82,Safe
04-01-2024 08:50,4.92,Safe
04-01-2024 08:55,4.89,Safe
04-01-2024 09:00,5.03,Safe
04-01-2024 09:05,5.17,Safe
04-01-2024 09:10,5.13,Safe
04-01-2024 09:15,5.11,Safe
04-01-2024 09:20,5.04,Safe
04-01-2024 09:25,5.19,Safe
04-01-2024 09:30,5.29,Safe
04-01-2024 09:35,5.16,Safe
04-01-2024 09:40,5.98,Safe
04-01-2024 09:45,5.83,Safe
04-01-2024 09:50,5.91,Safe
04-01-2024 09:55,5.93,Safe
04-01-2024 10:00,5.79,Safe
04-01-2024 10:05,5.96,Safe
04-01-2024 10:10,5.95,Safe
04-01-2024 10:15,6.03,Safe
04-01-2024 10:20,5.94,Safe
04-01-2024 10:25,5.97,Safe
04-01-2024 10:30,5.99,Safe
04-01-2024 10:35,6.14,Safe
04-01-2024 10:40,5.98,Safe
04-01-2024 10:45,6.06,Safe
04-01-2024 10:50,6.02,Safe
04-01-2024 10:55,6.11,Safe
04-01-2024 11:00,6.2,Safe
04-01-2024 11:05,6.21,Safe
04-01-2024 11:10,6.33,Safe
04-01-2024 11:15,6.17,Safe
04-01-2024 11:20,6.01,Safe
04-01-2024 11:25,6.12,Safe
04-01-2024 11:30,6.07,Safe
04-01-2024 11:35,6.33,Safe
04-01-2024 11:40,6.26,Safe
04-01-2024 11:45,6.38,Safe
04-01-2024 11:50,6.26,Safe
04-01-2024 11:55,6.16,Safe
04-01-2024 12:00,6,Safe
04-01-2024 12:05,5.86,Safe
04-01-2024 12:10,5.77,Safe
04-01-2024 12:15,5.12,Safe
04-01-2024 12:20,5.27,Safe
04-01-2024 12:25,5.26,Safe
04-01-2024 12:30,5.26,Safe
04-01-2024 12:35,5.27,Safe
04-01-2024 12:40,5.35,Safe
04-01-2024 12:45,5.53,Safe
04-01-2024 12:50,5.42,Safe
04-01-2024 12:55,5.53,Safe
04-01-2024 13:00,6.25,Safe
04-01-2024 13:05,6.34,Safe
04-01-2024 13:10,6.37,Safe
04-01-2024 13:15,6.22,Safe
04-01-2024 13:20,6.42,Safe
04-01-2024 13:25,6.29,Safe
04-01-2024 13:30,7.01,Safe
04-01-2024 13:35,6.69,Safe
04-01-2024 13:40,6.33,Safe
04-01-2024 13:45,6.18,Safe
04-01-2024 13:50,6.02,Safe
04-01-2024 13:55,6.13,Safe
04-01-2024 14:00,6.73,Safe
04-01-2024 14:05,6.54,Safe
04-01-2024 14:10,8.39,Warning
04-01-2024 14:15,8.11,Warning
04-01-2024 14:20,7.91,Safe
04-01-2024 14:25,7.71,Safe
04-01-2024 14:30,7.28,Safe
04-01-2024 14:35,6.97,Safe
04-01-2024 14:40,6.79,Safe
04-01-2024 14:45,6.65,Safe
04-01-2024 14:50,6.46,Safe
04-01-2024 14:55,6.34,Safe
04-01-2024 15:00,6.22,Safe
04-01-2024 15:05,6.15,Safe
04-01-2024 15:10,7.02,Safe
04-01-2024 15:15,7.48,Safe
04-01-2024 15:20,7.02,Safe
04-01-2024 15:25,6.75,Safe
04-01-2024 15:30,6.57,Safe
04-01-2024 15:35,6.31,Safe
04-01-2024 15:40,6.1,Safe
04-01-2024 15:45,6.07,Safe
04-01-2024 15:50,3.54,Safe
04-01-2024 15:55,3.59,Safe
04-01-2024 16:00,3.5,Safe
04-01-2024 16:05,3.64,Safe
04-01-2024 16:10,3.82,Safe
04-01-2024 16:15,3.77,Safe
04-01-2024 16:20,3.71,Safe
04-01-2024 16:25,3.89,Safe
04-01-2024 16:30,3.7,Safe
04-01-2024 16:35,3.71,Safe
04-01-2024 16:40,3.94,Safe
04-01-2024 16:45,3.93,Safe
04-01-2024 16:50,3.41,Safe
04-01-2024 16:55,3.67,Safe
04-01-2024 17:00,3.87,Safe
04-01-2024 17:05,4.05,Safe
04-01-2024 17:10,3.91,Safe
04-01-2024 17:15,4.08,Safe
04-01-2024 17:20,3.98,Safe
04-01-2024 17:25,4.38,Safe
04-01-2024 17:30,4.48,Safe
04-01-2024 17:35,4.46,Safe
04-01-2024 17:40,4.43,Safe
04-01-2024 17:45,4.57,Safe
04-01-2024 17:50,4.52,Safe
04-01-2024 17:55,4.51,Safe
04-01-2024 18:00,4.58,Safe
04-01-2024 18:05,4.51,Safe
04-01-2024 18:10,4.53,Safe
04-01-2024 18:15,4.56,Safe
04-01-2024 18:20,4.67,Safe
04-01-2024 18:25,4.8,Safe
04-01-2024 18:30,4.86,Safe
04-01-2024 18:35,4.76,Safe
04-01-2024 18:40,4.67,Safe
04-01-2024 18:45,4.53,Safe
04-01-2024 18:50,4.61,Safe
04-01-2024 18:55,5.36,Safe
04-01-2024 19:00,5.35,Safe
04-01-2024 19:05,5.52,Safe
04-01-2024 19:10,5.34,Safe
04-01-2024 19:15,5.66,Safe
04-01-2024 19:20,6.38,Safe
04-01-2024 19:25,6.23,Safe
04-01-2024 19:30,6.31,Safe
04-01-2024 19:35,6.18,Safe
04-01-2024 19:40,6.07,Safe
04-01-2024 19:45,6.08,Safe
04-01-2024 19:50,6.36,Safe
04-01-2024 19:55,6.2,Safe
04-01-2024 20:00,6.18,Safe
04-01-2024 20:05,6.22,Safe
04-01-2024 20:10,6.34,Safe
04-01-2024 20:15,6.49,Safe
04-01-2024 20:20,6.32,Safe
04-01-2024 20:25,6.16,Safe
04-01-2024 20:30,6.34,Safe
04-01-2024 20:35,7.29,Safe
04-01-2024 20:40,7.15,Safe
04-01-2024 20:45,6.74,Safe
04-01-2024 20:50,6.62,Safe
04-01-2024 20:55,6.21,Safe
04-01-2024 21:00,6.01,Safe
04-01-2024 21:05,6.04,Safe
04-01-2024 21:10,6.09,Safe
04-01-2024 21:15,5.91,Safe
04-01-2024 21:20,5.77,Safe
04-01-2024 21:25,6.66,Safe
04-01-2024 21:30,6.87,Safe
04-01-2024 21:35,6.63,Safe
04-01-2024 21:40,6.29,Safe
04-01-2024 21:45,6.13,Safe
04-01-2024 21:50,6.12,Safe
04-01-2024 21:55,6.16,Safe
04-01-2024 22:00,6.25,Safe
04-01-2024 22:05,6.45,Safe
04-01-2024 22:10,6.31,Safe
04-01-2024 22:15,6.47,Safe
04-01-2024 22:20,6.45,Safe
04-01-2024 22:25,6.22,Safe
04-01-2024 22:30,6.31,Safe
04-01-2024 22:35,6.31,Safe
04-01-2024 22:40,6.14,Safe
04-01-2024 22:45,6.07,Safe
04-01-2024 22:50,6.24,Safe
04-01-2024 22:55,6.39,Safe
04-01-2024 23:00,6.26,Safe
04-01-2024 23:05,6.24,Safe
04-01-2024 23:10,6.14,Safe
04-01-2024 23:15,6.14,Safe
04-01-2024 23:20,5.98,Safe
04-01-2024 23:25,6.46,Safe
04-01-2024 23:30,6.49,Safe
04-01-2024 23:35,6.33,Safe
04-01-2024 23:40,6.31,Safe
04-01-2024 23:45,6.33,Safe
04-01-2024 23:50,6.29,Safe
04-01-2024 23:55,6.11,Safe
05-01-2024 00:00,5.96,Safe
05-01-2024 00:05,5.94,Safe
05-01-2024 00:10,6.15,Safe
05-01-2024 00:15,6.01,Safe
05-01-2024 00:20,6.09,Safe
05-01-2024 00:25,6.14,Safe
05-01-2024 00:30,5.98,Safe
05-01-2024 00:35,5.91,Safe
05-01-2024 00:40,5.8,Safe
05-01-2024 00:45,6.3,Safe
05-01-2024 00:50,6.28,Safe
05-01-2024 00:55,6.17,Safe
05-01-2024 01:00,6.7,Safe
05-01-2024 01:05,6.29,Safe
05-01-2024 01:10,7.2,Safe
05-01-2024 01:15,6.78,Safe
05-01-2024 01:20,6.42,Safe
05-01-2024 01:25,6.41,Safe
05-01-2024 01:30,6.29,Safe
05-01-2024 01:35,6.22,Safe
05-01-2024 01:40,6.14,Safe
05-01-2024 01:45,6.22,Safe
05-01-2024 01:50,6.34,Safe
05-01-2024 01:55,6.45,Safe
05-01-2024 02:00,6.4,Safe
05-01-2024 02:05,6.47,Safe
05-01-2024 02:10,6.24,Safe
05-01-2024 02:15,6.31,Safe
05-01-2024 02:20,5.95,Safe
05-01-2024 02:25,5.78,Safe
05-01-2024 02:30,5.94,Safe
05-01-2024 02:35,6.05,Safe
05-01-2024 02:40,6.2,Safe
05-01-2024 02:45,6.31,Safe
05-01-2024 02:50,6.14,Safe
05-01-2024 02:55,6.22,Safe
05-01-2024 03:00,6.07,Safe
05-01-2024 03:05,6.05,Safe
05-01-2024 03:10,5.87,Safe
05-01-2024 03:15,5.74,Safe
05-01-2024 03:20,5.92,Safe
05-01-2024 03:25,5.86,Safe
05-01-2024 03:30,5.82,Safe
05-01-2024 03:35,5.66,Safe
05-01-2024 03:40,5.79,Safe
05-01-2024 03:45,5.89,Safe
05-01-2024 03:50,5.84,Safe
05-01-2024 03:55,5.98,Safe
05-01-2024 04:00,6.12,Safe
05-01-2024 04:05,6,Safe
05-01-2024 04:10,6.45,Safe
05-01-2024 04:15,6.41,Safe
05-01-2024 04:20,5.81,Safe
05-01-2024 04:25,5.82,Safe
05-01-2024 04:30,5.81,Safe
05-01-2024 04:35,5.65,Safe
05-01-2024 04:40,5.72,Safe
05-01-2024 04:45,5.74,Safe
05-01-2024 04:50,5.57,Safe
05-01-2024 04:55,5.49,Safe
05-01-2024 05:00,5.36,Safe
05-01-2024 05:05,5.18,Safe
05-01-2024 05:10,5.24,Safe
05-01-2024 05:15,6.22,Safe
05-01-2024 05:20,6.23,Safe
05-01-2024 05:25,6.24,Safe
05-01-2024 05:30,7.06,Safe
05-01-2024 05:35,6.88,Safe
05-01-2024 05:40,6.7,Safe
05-01-2024 05:45,6.43,Safe
05-01-2024 05:50,6.49,Safe
05-01-2024 05:55,6.48,Safe
05-01-2024 06:00,5.81,Safe
05-01-2024 06:05,5.91,Safe
05-01-2024 06:10,6.38,Safe
05-01-2024 06:15,6.49,Safe
05-01-2024 06:20,6.48,Safe
05-01-2024 06:25,6.43,Safe
05-01-2024 06:30,6.46,Safe
05-01-2024 06:35,6.34,Safe
05-01-2024 06:40,6.23,Safe
05-01-2024 06:45,6.06,Safe
05-01-2024 06:50,6.2,Safe
05-01-2024 06:55,6.26,Safe
05-01-2024 07:00,6.27,Safe
05-01-2024 07:05,6.13,Safe
05-01-2024 07:10,6.1,Safe
05-01-2024 07:15,5.99,Safe
05-01-2024 07:20,6.09,Safe
05-01-2024 07:25,6.23,Safe
05-01-2024 07:30,6.04,Safe
05-01-2024 07:35,6.81,Safe
05-01-2024 07:40,6.35,Safe
05-01-2024 07:45,6.24,Safe
05-01-2024 07:50,6.26,Safe
05-01-2024 07:55,6.02,Safe
05-01-2024 08:00,5.87,Safe
05-01-2024 08:05,6.03,Safe
05-01-2024 08:10,5.93,Safe
05-01-2024 08:15,5.95,Safe
05-01-2024 08:20,6.03,Safe
05-01-2024 08:25,5.92,Safe
05-01-2024 08:30,5.87,Safe
05-01-2024 08:35,6,Safe
05-01-2024 08:40,6.13,Safe
05-01-2024 08:45,6.07,Safe
05-01-2024 08:50,5.94,Safe
05-01-2024 08:55,5.99,Safe
05-01-2024 09:00,6,Safe
05-01-2024 09:05,6.05,Safe
05-01-2024 09:10,6.23,Safe
05-01-2024 09:15,6.21,Safe
05-01-2024 09:20,6.41,Safe
05-01-2024 09:25,7.03,Safe
05-01-2024 09:30,6.78,Safe
05-01-2024 09:35,7.38,Safe
05-01-2024 09:40,6.95,Safe
05-01-2024 09:45,6.46,Safe
05-01-2024 09:50,6.5,Safe
05-01-2024 09:55,6.84,Safe
05-01-2024 10:00,6.39,Safe
05-01-2024 10:05,6.32,Safe
05-01-2024 10:10,5.84,Safe
05-01-2024 10:15,5.96,Safe
05-01-2024 10:20,5.76,Safe
05-01-2024 10:25,5.8,Safe
05-01-2024 10:30,5.79,Safe
05-01-2024 10:35,5.88,Safe
05-01-2024 10:40,5.73,Safe
05-01-2024 10:45,5.77,Safe
05-01-2024 10:50,5.7,Safe
05-01-2024 10:55,5.62,Safe
05-01-2024 11:00,9.17,Warning
05-01-2024 11:05,9.57,Warning
05-01-2024 11:10,9.15,Warning
05-01-2024 11:15,8.78,Warning
05-01-2024 11:20,8.45,Warning
05-01-2024 11:25,8.33,Warning
05-01-2024 11:30,7.87,Safe
05-01-2024 11:35,7.7,Safe
05-01-2024 11:40,7.28,Safe
05-01-2024 11:45,6.93,Safe
05-01-2024 11:50,6.54,Safe
05-01-2024 11:55,6.36,Safe
05-01-2024 12:00,6.23,Safe
05-01-2024 12:05,6.88,Safe
05-01-2024 12:10,6.74,Safe
05-01-2024 12:15,6.62,Safe
05-01-2024 12:20,7.55,Safe
05-01-2024 12:25,7.33,Safe
05-01-2024 12:30,7.01,Safe
05-01-2024 12:35,6.78,Safe
05-01-2024 12:40,3.57,Safe
05-01-2024 12:45,3.71,Safe
05-01-2024 12:50,4.07,Safe
05-01-2024 12:55,3.91,Safe
05-01-2024 13:00,3.74,Safe
05-01-2024 13:05,3.91,Safe
05-01-2024 13:10,4.01,Safe
05-01-2024 13:15,4.2,Safe
05-01-2024 13:20,4.52,Safe
05-01-2024 13:25,4.41,Safe
05-01-2024 13:30,4.3,Safe
05-01-2024 13:35,4.41,Safe
05-01-2024 13:40,4.28,Safe
05-01-2024 13:45,4.45,Safe
05-01-2024 13:50,4.51,Safe
05-01-2024 13:55,4.46,Safe
05-01-2024 14:00,4.29,Safe
05-01-2024 14:05,4.95,Safe
05-01-2024 14:10,5.82,Safe
05-01-2024 14:15,6.01,Safe
05-01-2024 14:20,6.18,Safe
05-01-2024 14:25,6.12,Safe
05-01-2024 14:30,6.21,Safe
05-01-2024 14:35,6.19,Safe
05-01-2024 14:40,6.71,Safe
05-01-2024 14:45,6.59,Safe
05-01-2024 14:50,6.83,Safe
05-01-2024 14:55,6.59,Safe
05-01-2024 15:00,6.49,Safe
05-01-2024 15:05,6.31,Safe
05-01-2024 15:10,6.17,Safe
05-01-2024 15:15,6.32,Safe
05-01-2024 15:20,6.14,Safe
05-01-2024 15:25,6.25,Safe
05-01-2024 15:30,5.87,Safe
05-01-2024 15:35,5.77,Safe
05-01-2024 15:40,5.66,Safe
05-01-2024 15:45,5.62,Safe
05-01-2024 15:50,5.78,Safe
05-01-2024 15:55,6.75,Safe
05-01-2024 16:00,6.38,Safe
05-01-2024 16:05,6.36,Safe
05-01-2024 16:10,6.25,Safe
05-01-2024 16:15,6.2,Safe
05-01-2024 16:20,6.08,Safe
05-01-2024 16:25,6.74,Safe
05-01-2024 16:30,6.64,Safe
05-01-2024 16:35,6.31,Safe
05-01-2024 16:40,6.29,Safe
05-01-2024 16:45,6.16,Safe
05-01-2024 16:50,6.43,Safe
05-01-2024 16:55,7.27,Safe
05-01-2024 17:00,7.1,Safe
05-01-2024 17:05,6.72,Safe
05-01-2024 17:10,6.48,Safe
05-01-2024 17:15,6.36,Safe
05-01-2024 17:20,7.22,Safe
05-01-2024 17:25,7.07,Safe
05-01-2024 17:30,6.88,Safe
05-01-2024 17:35,6.68,Safe
05-01-2024 17:40,6.37,Safe
05-01-2024 17:45,6.44,Safe
05-01-2024 17:50,6.28,Safe
05-01-2024 17:55,6.34,Safe
05-01-2024 18:00,6.21,Safe
05-01-2024 18:05,6.31,Safe
05-01-2024 18:10,6.19,Safe
05-01-2024 18:15,7,Safe
05-01-2024 18:20,6.58,Safe
05-01-2024 18:25,7.16,Safe
05-01-2024 18:30,6.89,Safe
05-01-2024 18:35,6.49,Safe
05-01-2024 18:40,6.35,Safe
05-01-2024 18:45,6.37,Safe
05-01-2024 18:50,6.35,Safe
05-01-2024 18:55,6.31,Safe
05-01-2024 19:00,6.41,Safe
05-01-2024 19:05,6.26,Safe
05-01-2024 19:10,6.34,Safe
05-01-2024 19:15,6.22,Safe
05-01-2024 19:20,6.07,Safe
05-01-2024 19:25,7.01,Safe
05-01-2024 19:30,6.82,Safe
05-01-2024 19:35,6.48,Safe
05-01-2024 19:40,6.48,Safe
05-01-2024 19:45,6.27,Safe
05-01-2024 19:50,6.34,Safe
05-01-2024 19:55,7.26,Safe
05-01-2024 20:00,7.97,Safe
05-01-2024 20:05,7.82,Safe
05-01-2024 20:10,7.49,Safe
05-01-2024 20:15,7.89,Safe
05-01-2024 20:20,7.75,Safe
05-01-2024 20:25,7.37,Safe
05-01-2024 20:30,7.04,Safe
05-01-2024 20:35,6.84,Safe
05-01-2024 20:40,6.74,Safe
05-01-2024 20:45,6.42,Safe
05-01-2024 20:50,6.26,Safe
05-01-2024 20:55,6.3,Safe
05-01-2024 21:00,6.28,Safe
05-01-2024 21:05,6.42,Safe
05-01-2024 21:10,6.24,Safe
05-01-2024 21:15,6.13,Safe
05-01-2024 21:20,6.13,Safe
05-01-2024 21:25,7.04,Safe
05-01-2024 21:30,7.48,Safe
05-01-2024 21:35,7.06,Safe
05-01-2024 21:40,6.93,Safe
05-01-2024 21:45,7.54,Safe
05-01-2024 21:50,8.24,Warning
05-01-2024 21:55,7.89,Safe
05-01-2024 22:00,7.52,Safe
05-01-2024 22:05,7.11,Safe
05-01-2024 22:10,6.94,Safe
05-01-2024 22:15,6.47,Safe
05-01-2024 22:20,6.3,Safe
05-01-2024 22:25,7.16,Safe
05-01-2024 22:30,6.9,Safe
05-01-2024 22:35,6.6,Safe
05-01-2024 22:40,6.4,Safe
05-01-2024 22:45,7.11,Safe
05-01-2024 22:50,6.93,Safe
05-01-2024 22:55,6.63,Safe
05-01-2024 23:00,6.43,Safe
05-01-2024 23:05,6.38,Safe
05-01-2024 23:10,6.42,Safe
05-01-2024 23:15,6.44,Safe
05-01-2024 23:20,6.23,Safe
05-01-2024 23:25,6.09,Safe
05-01-2024 23:30,6.13,Safe
05-01-2024 23:35,6,Safe
05-01-2024 23:40,6.65,Safe
05-01-2024 23:45,6.42,Safe
05-01-2024 23:50,6.24,Safe
05-01-2024 23:55,5.98,Safe
06-01-2024 00:00,6.17,Safe
06-01-2024 00:05,6.13,Safe
06-01-2024 00:10,5.98,Safe
06-01-2024 00:15,6.04,Safe
06-01-2024 00:20,6.18,Safe
06-01-2024 00:25,6.01,Safe
06-01-2024 00:30,5.91,Safe
06-01-2024 00:35,6.06,Safe
06-01-2024 00:40,6.24,Safe
06-01-2024 00:45,6.14,Safe
06-01-2024 00:50,6.19,Safe
06-01-2024 00:55,6.21,Safe
06-01-2024 01:00,7.13,Safe
06-01-2024 01:05,6.92,Safe
06-01-2024 01:10,6.43,Safe
06-01-2024 01:15,6.39,Safe
06-01-2024 01:20,6.42,Safe
06-01-2024 01:25,6.47,Safe
06-01-2024 01:30,6.44,Safe
06-01-2024 01:35,6.21,Safe
06-01-2024 01:40,6.12,Safe
06-01-2024 01:45,6.15,Safe
06-01-2024 01:50,6.34,Safe
06-01-2024 01:55,6.67,Safe
06-01-2024 02:00,6.46,Safe
06-01-2024 02:05,6.22,Safe
06-01-2024 02:10,6.7,Safe
06-01-2024 02:15,6.34,Safe
06-01-2024 02:20,6.31,Safe
06-01-2024 02:25,6.24,Safe
06-01-2024 02:30,6.27,Safe
06-01-2024 02:35,6.2,Safe
06-01-2024 02:40,6.03,Safe
06-01-2024 02:45,5.85,Safe
06-01-2024 02:50,6.05,Safe
06-01-2024 02:55,5.86,Safe
06-01-2024 03:00,6.01,Safe
06-01-2024 03:05,6.05,Safe
06-01-2024 03:10,6.1,Safe
06-01-2024 03:15,5.94,Safe
06-01-2024 03:20,5.51,Safe
06-01-2024 03:25,5.49,Safe
06-01-2024 03:30,5.41,Safe
06-01-2024 03:35,5.87,Safe
06-01-2024 03:40,5.95,Safe
06-01-2024 03:45,5.97,Safe
06-01-2024 03:50,5.84,Safe
06-01-2024 03:55,5.65,Safe
06-01-2024 04:00,5.47,Safe
06-01-2024 04:05,5.53,Safe
06-01-2024 04:10,5.58,Safe
06-01-2024 04:15,5.56,Safe
06-01-2024 04:20,5.56,Safe
06-01-2024 04:25,5.45,Safe
06-01-2024 04:30,6.32,Safe
06-01-2024 04:35,6.3,Safe
06-01-2024 04:40,6.14,Safe
06-01-2024 04:45,6.31,Safe
06-01-2024 04:50,6.13,Safe
06-01-2024 04:55,6.11,Safe
06-01-2024 05:00,6.03,Safe
06-01-2024 05:05,6.13,Safe
06-01-2024 05:10,6.22,Safe
06-01-2024 05:15,6.13,Safe
06-01-2024 05:20,6.31,Safe
06-01-2024 05:25,6.21,Safe
06-01-2024 05:30,6.37,Safe
06-01-2024 05:35,6.25,Safe
06-01-2024 05:40,6.8,Safe
06-01-2024 05:45,7.59,Safe
06-01-2024 05:50,7.15,Safe
06-01-2024 05:55,6.77,Safe
06-01-2024 06:00,6.42,Safe
06-01-2024 06:05,6.48,Safe
06-01-2024 06:10,6.35,Safe
06-01-2024 06:15,6.39,Safe
06-01-2024 06:20,6.45,Safe
06-01-2024 06:25,6.44,Safe
06-01-2024 06:30,6.35,Safe
06-01-2024 06:35,6.36,Safe
06-01-2024 06:40,6.62,Safe
06-01-2024 06:45,6.36,Safe
06-01-2024 06:50,6.42,Safe
06-01-2024 06:55,6.45,Safe
06-01-2024 07:00,6.29,Safe
06-01-2024 07:05,6.38,Safe
06-01-2024 07:10,6.28,Safe
06-01-2024 07:15,6.27,Safe
06-01-2024 07:20,6.17,Safe
06-01-2024 07:25,6.07,Safe
06-01-2024 07:30,5.88,Safe
06-01-2024 07:35,5.71,Safe
06-01-2024 07:40,5.57,Safe
06-01-2024 07:45,5.49,Safe
06-01-2024 07:50,6.93,Safe
06-01-2024 07:55,6.71,Safe
06-01-2024 08:00,6.56,Safe
06-01-2024 08:05,6.37,Safe
06-01-2024 08:10,6.19,Safe
06-01-2024 08:15,6.26,Safe
06-01-2024 08:20,6.33,Safe
06-01-2024 08:25,6.23,Safe
06-01-2024 08:30,6.36,Safe
06-01-2024 08:35,6.26,Safe
06-01-2024 08:40,6.78,Safe
06-01-2024 08:45,6.39,Safe
06-01-2024 08:50,5.89,Safe
06-01-2024 08:55,5.7,Safe
06-01-2024 09:00,5.9,Safe
06-01-2024 09:05,6.03,Safe
06-01-2024 09:10,6.1,Safe
06-01-2024 09:15,5.54,Safe
06-01-2024 09:20,5.57,Safe
06-01-2024 09:25,5.52,Safe
06-01-2024 09:30,3.68,Safe
06-01-2024 09:35,3.57,Safe
06-01-2024 09:40,4.2,Safe
06-01-2024 09:45,4.68,Safe
06-01-2024 09:50,4.58,Safe
06-01-2024 09:55,4.48,Safe
06-01-2024 10:00,4.5,Safe
06-01-2024 10:05,4.41,Safe
06-01-2024 10:10,4.43,Safe
06-01-2024 10:15,5.4,Safe
06-01-2024 10:20,5.32,Safe
06-01-2024 10:25,5.2,Safe
06-01-2024 10:30,5.26,Safe
06-01-2024 10:35,5.28,Safe
06-01-2024 10:40,5.25,Safe
06-01-2024 10:45,5.1,Safe
06-01-2024 10:50,5.05,Safe
06-01-2024 10:55,5.25,Safe
06-01-2024 11:00,5.31,Safe
06-01-2024 11:05,5.11,Safe
06-01-2024 11:10,5.03,Safe
06-01-2024 11:15,4.98,Safe
06-01-2024 11:20,4.95,Safe
06-01-2024 11:25,4.92,Safe
06-01-2024 11:30,5.01,Safe
06-01-2024 11:35,4.67,Safe
06-01-2024 11:40,4.57,Safe
06-01-2024 11:45,3.94,Safe
06-01-2024 11:50,3.85,Safe
06-01-2024 11:55,3.98,Safe
06-01-2024 12:00,4.06,Safe
06-01-2024 12:05,4.05,Safe
06-01-2024 12:10,4.08,Safe
06-01-2024 12:15,4.26,Safe
06-01-2024 12:20,4.1,Safe
06-01-2024 12:25,4.09,Safe
06-01-2024 12:30,3.73,Safe
06-01-2024 12:35,3.65,Safe
06-01-2024 12:40,4.4,Safe
06-01-2024 12:45,4.26,Safe
06-01-2024 12:50,4.44,Safe
06-01-2024 12:55,4.24,Safe
06-01-2024 13:00,4.27,Safe
06-01-2024 13:05,5.01,Safe
06-01-2024 13:10,4.61,Safe
06-01-2024 13:15,4.48,Safe
06-01-2024 13:20,4.56,Safe
06-01-2024 13:25,4.61,Safe
06-01-2024 13:30,4.45,Safe
06-01-2024 13:35,4.4,Safe
06-01-2024 13:40,5.2,Safe
06-01-2024 13:45,5.39,Safe
06-01-2024 13:50,5.27,Safe
06-01-2024 13:55,5.38,Safe
06-01-2024 14:00,5.39,Safe
06-01-2024 14:05,5.45,Safe
06-01-2024 14:10,5.46,Safe
06-01-2024 14:15,5.23,Safe
06-01-2024 14:20,5.92,Safe
06-01-2024 14:25,6.09,Safe
06-01-2024 14:30,6.09,Safe
06-01-2024 14:35,5.9,Safe
06-01-2024 14:40,6,Safe
06-01-2024 14:45,5.98,Safe
06-01-2024 14:50,6.11,Safe
06-01-2024 14:55,5.65,Safe
06-01-2024 15:00,5.61,Safe
06-01-2024 15:05,5.78,Safe
06-01-2024 15:10,5.67,Safe
06-01-2024 15:15,5.8,Safe
06-01-2024 15:20,5.99,Safe
06-01-2024 15:25,5.99,Safe
06-01-2024 15:30,6.09,Safe
06-01-2024 15:35,6.02,Safe
06-01-2024 15:40,6.11,Safe
06-01-2024 15:45,5.96,Safe
06-01-2024 15:50,5.89,Safe
06-01-2024 15:55,5.69,Safe
06-01-2024 16:00,5.83,Safe
06-01-2024 16:05,5.67,Safe
06-01-2024 16:10,5.84,Safe
06-01-2024 16:15,5.75,Safe
06-01-2024 16:20,5.64,Safe
06-01-2024 16:25,5.61,Safe
06-01-2024 16:30,6.09,Safe
06-01-2024 16:35,6.29,Safe
06-01-2024 16:40,6.38,Safe
06-01-2024 16:45,7.04,Safe
06-01-2024 16:50,6.66,Safe
06-01-2024 16:55,6.44,Safe
06-01-2024 17:00,6.71,Safe
06-01-2024 17:05,6.41,Safe
06-01-2024 17:10,6.47,Safe
06-01-2024 17:15,6.34,Safe
06-01-2024 17:20,6.23,Safe
06-01-2024 17:25,6.33,Safe
06-01-2024 17:30,6.35,Safe
06-01-2024 17:35,6,Safe
06-01-2024 17:40,6.32,Safe
06-01-2024 17:45,6.47,Safe
06-01-2024 17:50,6.34,Safe
06-01-2024 17:55,6.33,Safe
06-01-2024 18:00,6.23,Safe
06-01-2024 18:05,6.11,Safe
06-01-2024 18:10,6.1,Safe
06-01-2024 18:15,6.25,Safe
06-01-2024 18:20,6.22,Safe
06-01-2024 18:25,6.16,Safe
06-01-2024 18:30,6.35,Safe
06-01-2024 18:35,6.22,Safe
06-01-2024 18:40,6.31,Safe
06-01-2024 18:45,6.12,Safe
06-01-2024 18:50,6.06,Safe
06-01-2024 18:55,5.88,Safe
06-01-2024 19:00,6.05,Safe
06-01-2024 19:05,6.24,Safe
06-01-2024 19:10,6.08,Safe
06-01-2024 19:15,6.07,Safe
06-01-2024 19:20,6.01,Safe
06-01-2024 19:25,6.03,Safe
06-01-2024 19:30,6.03,Safe
06-01-2024 19:35,6.22,Safe
06-01-2024 19:40,6.11,Safe
06-01-2024 19:45,6.29,Safe
06-01-2024 19:50,6.24,Safe
06-01-2024 19:55,6.41,Safe
06-01-2024 20:00,6.47,Safe
06-01-2024 20:05,6.32,Safe
06-01-2024 20:10,6.39,Safe
06-01-2024 20:15,6.28,Safe
06-01-2024 20:20,6.27,Safe
06-01-2024 20:25,6.29,Safe
06-01-2024 20:30,6.47,Safe
06-01-2024 20:35,6.42,Safe
06-01-2024 20:40,7.39,Safe
06-01-2024 20:45,7.06,Safe
06-01-2024 20:50,6.61,Safe
06-01-2024 20:55,6.48,Safe
06-01-2024 21:00,6.38,Safe
06-01-2024 21:05,6.21,Safe
06-01-2024 21:10,6.31,Safe
06-01-2024 21:15,6.12,Safe
06-01-2024 21:20,5.94,Safe
06-01-2024 21:25,5.78,Safe
06-01-2024 21:30,5.65,Safe
06-01-2024 21:35,5.73,Safe
06-01-2024 21:40,5.88,Safe
06-01-2024 21:45,5.73,Safe
06-01-2024 21:50,5.62,Safe
06-01-2024 21:55,5.43,Safe
06-01-2024 22:00,5.58,Safe
06-01-2024 22:05,5.39,Safe
06-01-2024 22:10,5.51,Safe
06-01-2024 22:15,5.36,Safe
06-01-2024 22:20,5.25,Safe
06-01-2024 22:25,5.22,Safe
06-01-2024 22:30,5.23,Safe
06-01-2024 22:35,6,Safe
06-01-2024 22:40,5.86,Safe
06-01-2024 22:45,5.72,Safe
06-01-2024 22:50,6.05,Safe
06-01-2024 22:55,5.98,Safe
06-01-2024 23:00,5.79,Safe
06-01-2024 23:05,5.72,Safe
06-01-2024 23:10,5.9,Safe
06-01-2024 23:15,5.99,Safe
06-01-2024 23:20,6.07,Safe
06-01-2024 23:25,6.25,Safe
06-01-2024 23:30,6.26,Safe
06-01-2024 23:35,6.15,Safe
06-01-2024 23:40,6,Safe
06-01-2024 23:45,5.31,Safe
06-01-2024 23:50,5.45,Safe
06-01-2024 23:55,5.44,Safe
07-01-2024 00:00,5.54,Safe
07-01-2024 00:05,5.45,Safe
07-01-2024 00:10,5.36,Safe
07-01-2024 00:15,5.95,Safe
07-01-2024 00:20,6.07,Safe
07-01-2024 00:25,6,Safe
07-01-2024 00:30,5.85,Safe
07-01-2024 00:35,5.84,Safe
07-01-2024 00:40,5.93,Safe
07-01-2024 00:45,6.09,Safe
07-01-2024 00:50,5.93,Safe
07-01-2024 00:55,5.77,Safe
07-01-2024 01:00,5.89,Safe
07-01-2024 01:05,5.7,Safe
07-01-2024 01:10,5.84,Safe
07-01-2024 01:15,5.72,Safe
07-01-2024 01:20,5.85,Safe
07-01-2024 01:25,5.87,Safe
07-01-2024 01:30,5.82,Safe
07-01-2024 01:35,5.73,Safe
07-01-2024 01:40,5.66,Safe
07-01-2024 01:45,5.36,Safe
07-01-2024 01:50,5.42,Safe
07-01-2024 01:55,5.58,Safe
07-01-2024 02:00,5.6,Safe
07-01-2024 02:05,5.73,Safe
07-01-2024 02:10,5.66,Safe
07-01-2024 02:15,5.84,Safe
07-01-2024 02:20,5.76,Safe
07-01-2024 02:25,5.42,Safe
07-01-2024 02:30,5.71,Safe
07-01-2024 02:35,6.47,Safe
07-01-2024 02:40,6.31,Safe
07-01-2024 02:45,6.15,Safe
07-01-2024 02:50,6.28,Safe
07-01-2024 02:55,6.37,Safe
07-01-2024 03:00,6.48,Safe
07-01-2024 03:05,5.89,Safe
07-01-2024 03:10,6.41,Safe
07-01-2024 03:15,6.36,Safe
07-01-2024 03:20,6.18,Safe
07-01-2024 03:25,5.99,Safe
07-01-2024 03:30,6.18,Safe
07-01-2024 03:35,6.04,Safe
07-01-2024 03:40,5.91,Safe
07-01-2024 03:45,6.41,Safe
07-01-2024 03:50,6.5,Safe
07-01-2024 03:55,6.24,Safe
07-01-2024 04:00,6.06,Safe
07-01-2024 04:05,5.99,Safe
07-01-2024 04:10,6.2,Safe
07-01-2024 04:15,6.19,Safe
07-01-2024 04:20,6.19,Safe
07-01-2024 04:25,6.26,Safe
07-01-2024 04:30,6.36,Safe
07-01-2024 04:35,6,Safe
07-01-2024 04:40,7.74,Safe
07-01-2024 04:45,7.27,Safe
07-01-2024 04:50,7.09,Safe
07-01-2024 04:55,6.78,Safe
07-01-2024 05:00,7.42,Safe
07-01-2024 05:05,7.27,Safe
07-01-2024 05:10,6.8,Safe
07-01-2024 05:15,6.58,Safe
07-01-2024 05:20,6.21,Safe
07-01-2024 05:25,6.12,Safe
07-01-2024 05:30,6.3,Safe
07-01-2024 05:35,6.21,Safe
07-01-2024 05:40,6.19,Safe
07-01-2024 05:45,6.36,Safe
07-01-2024 05:50,6.78,Safe
07-01-2024 05:55,6.49,Safe
07-01-2024 06:00,6.32,Safe
07-01-2024 06:05,6.22,Safe
07-01-2024 06:10,6.05,Safe
07-01-2024 06:15,5.94,Safe
07-01-2024 06:20,3.01,Safe
07-01-2024 06:25,3.13,Safe
07-01-2024 06:30,3.51,Safe
07-01-2024 06:35,3.62,Safe
07-01-2024 06:40,3.74,Safe
07-01-2024 06:45,3.6,Safe
07-01-2024 06:50,4.6,Safe
07-01-2024 06:55,4.58,Safe
07-01-2024 07:00,4.53,Safe
07-01-2024 07:05,4.42,Safe
07-01-2024 07:10,4.29,Safe
07-01-2024 07:15,4.17,Safe
07-01-2024 07:20,4.17,Safe
07-01-2024 07:25,4.38,Safe
07-01-2024 07:30,4.34,Safe
07-01-2024 07:35,4.48,Safe
07-01-2024 07:40,4.37,Safe
07-01-2024 07:45,4.48,Safe
07-01-2024 07:50,4.54,Safe
07-01-2024 07:55,4.62,Safe
07-01-2024 08:00,4.73,Safe
07-01-2024 08:05,4.82,Safe
07-01-2024 08:10,5.5,Safe
07-01-2024 08:15,5.33,Safe
07-01-2024 08:20,5.52,Safe
07-01-2024 08:25,5.67,Safe
07-01-2024 08:30,5.79,Safe
07-01-2024 08:35,5.93,Safe
07-01-2024 08:40,6.03,Safe
07-01-2024 08:45,6.76,Safe
07-01-2024 08:50,7.13,Safe
07-01-2024 08:55,6.84,Safe
07-01-2024 09:00,6.62,Safe
07-01-2024 09:05,6.2,Safe
07-01-2024 09:10,6.29,Safe
07-01-2024 09:15,6.32,Safe
07-01-2024 09:20,6.32,Safe
07-01-2024 09:25,6.21,Safe
07-01-2024 09:30,6.21,Safe
07-01-2024 09:35,6.34,Safe
07-01-2024 09:40,6.2,Safe
07-01-2024 09:45,6.11,Safe
07-01-2024 09:50,6.1,Safe
07-01-2024 09:55,6.09,Safe
07-01-2024 10:00,6.05,Safe
07-01-2024 10:05,5.9,Safe
07-01-2024 10:10,5.76,Safe
07-01-2024 10:15,6.34,Safe
07-01-2024 10:20,6.34,Safe
07-01-2024 10:25,6.37,Safe
07-01-2024 10:30,7.14,Safe
07-01-2024 10:35,6.64,Safe
07-01-2024 10:40,6.29,Safe
07-01-2024 10:45,6.37,Safe
07-01-2024 10:50,6.19,Safe
07-01-2024 10:55,6.36,Safe
07-01-2024 11:00,6.25,Safe
07-01-2024 11:05,6.44,Safe
07-01-2024 11:10,6.45,Safe
07-01-2024 11:15,6.37,Safe
07-01-2024 11:20,6.71,Safe
07-01-2024 11:25,6.47,Safe
07-01-2024 11:30,6.28,Safe
07-01-2024 11:35,6.77,Safe
07-01-2024 11:40,6.57,Safe
07-01-2024 11:45,6.32,Safe
07-01-2024 11:50,6.17,Safe
07-01-2024 11:55,6.35,Safe
07-01-2024 12:00,6.45,Safe
07-01-2024 12:05,6.34,Safe
07-01-2024 12:10,6.45,Safe
07-01-2024 12:15,6.34,Safe
07-01-2024 12:20,6.47,Safe
07-01-2024 12:25,6.36,Safe
07-01-2024 12:30,6.69,Safe
07-01-2024 12:35,6.37,Safe
07-01-2024 12:40,6.23,Safe
07-01-2024 12:45,6.12,Safe
07-01-2024 12:50,5.94,Safe
07-01-2024 12:55,6.22,Safe
07-01-2024 13:00,6.18,Safe
07-01-2024 13:05,6.22,Safe
07-01-2024 13:10,6.18,Safe
07-01-2024 13:15,6.06,Safe
07-01-2024 13:20,6.25,Safe
07-01-2024 13:25,6.43,Safe
07-01-2024 13:30,6.29,Safe
07-01-2024 13:35,6.1,Safe
07-01-2024 13:40,6.12,Safe
07-01-2024 13:45,6.23,Safe
07-01-2024 13:50,6.2,Safe
07-01-2024 13:55,6.16,Safe
07-01-2024 14:00,6.07,Safe
07-01-2024 14:05,5.98,Safe
07-01-2024 14:10,5.81,Safe
07-01-2024 14:15,6.25,Safe
07-01-2024 14:20,6.38,Safe
07-01-2024 14:25,6.39,Safe
07-01-2024 14:30,6.29,Safe
07-01-2024 14:35,7.1,Safe
07-01-2024 14:40,7.66,Safe
07-01-2024 14:45,7.32,Safe
07-01-2024 14:50,6.9,Safe
07-01-2024 14:55,6.5,Safe
07-01-2024 15:00,5.81,Safe
07-01-2024 15:05,5.88,Safe
07-01-2024 15:10,5.71,Safe
07-01-2024 15:15,5.9,Safe
07-01-2024 15:20,5.87,Safe
07-01-2024 15:25,5.74,Safe
07-01-2024 15:30,5.61,Safe
07-01-2024 15:35,5.52,Safe
07-01-2024 15:40,5.42,Safe
07-01-2024 15:45,5.62,Safe
07-01-2024 15:50,5.64,Safe
07-01-2024 15:55,5.49,Safe
07-01-2024 16:00,5.4,Safe
07-01-2024 16:05,5.42,Safe
07-01-2024 16:10,5.61,Safe
07-01-2024 16:15,5.77,Safe
07-01-2024 16:20,5.63,Safe
07-01-2024 16:25,5.6,Safe
07-01-2024 16:30,6.21,Safe
07-01-2024 16:35,6.13,Safe
07-01-2024 16:40,6.53,Safe
07-01-2024 16:45,6.22,Safe
07-01-2024 16:50,5.72,Safe
07-01-2024 16:55,5.73,Safe
07-01-2024 17:00,5.76,Safe
07-01-2024 17:05,5.87,Safe
07-01-2024 17:10,5.93,Safe
07-01-2024 17:15,5.53,Safe
07-01-2024 17:20,5.41,Safe
07-01-2024 17:25,5.47,Safe
07-01-2024 17:30,5.48,Safe
07-01-2024 17:35,5.48,Safe
07-01-2024 17:40,5.34,Safe
07-01-2024 17:45,5.22,Safe
07-01-2024 17:50,5.04,Safe
07-01-2024 17:55,4.39,Safe
07-01-2024 18:00,5.35,Safe
07-01-2024 18:05,5.2,Safe
07-01-2024 18:10,5.23,Safe
07-01-2024 18:15,5.41,Safe
07-01-2024 18:20,5.25,Safe
07-01-2024 18:25,5.29,Safe
07-01-2024 18:30,5.28,Safe
07-01-2024 18:35,5.48,Safe
07-01-2024 18:40,5.41,Safe
07-01-2024 18:45,5.42,Safe
07-01-2024 18:50,5.38,Safe
07-01-2024 18:55,4.97,Safe
07-01-2024 19:00,4.85,Safe
07-01-2024 19:05,4.96,Safe
07-01-2024 19:10,5.09,Safe
07-01-2024 19:15,5,Safe
07-01-2024 19:20,5.09,Safe
07-01-2024 19:25,5.39,Safe
07-01-2024 19:30,5.23,Safe
07-01-2024 19:35,5.14,Safe
07-01-2024 19:40,5.01,Safe
07-01-2024 19:45,4.83,Safe
07-01-2024 19:50,4.64,Safe
07-01-2024 19:55,4.63,Safe
07-01-2024 20:00,5.37,Safe
07-01-2024 20:05,5.46,Safe
07-01-2024 20:10,5.87,Safe
07-01-2024 20:15,5.87,Safe
07-01-2024 20:20,5.88,Safe
07-01-2024 20:25,6,Safe
07-01-2024 20:30,6.62,Safe
07-01-2024 20:35,6.48,Safe
07-01-2024 20:40,6.3,Safe
07-01-2024 20:45,6.31,Safe
07-01-2024 20:50,6.23,Safe
07-01-2024 20:55,6.26,Safe
07-01-2024 21:00,6.11,Safe
07-01-2024 21:05,6.1,Safe
07-01-2024 21:10,6.26,Safe
07-01-2024 21:15,6.36,Safe
07-01-2024 21:20,6.35,Safe
07-01-2024 21:25,6.34,Safe
07-01-2024 21:30,6.17,Safe
07-01-2024 21:35,6.91,Safe
07-01-2024 21:40,6.79,Safe
07-01-2024 21:45,6.31,Safe
07-01-2024 21:50,5.92,Safe
07-01-2024 21:55,5.83,Safe
07-01-2024 22:00,5.78,Safe
07-01-2024 22:05,5.52,Safe
07-01-2024 22:10,6.5,Safe
07-01-2024 22:15,6.47,Safe
07-01-2024 22:20,6.32,Safe
07-01-2024 22:25,6.37,Safe
07-01-2024 22:30,6.27,Safe
07-01-2024 22:35,6.42,Safe
07-01-2024 22:40,6.29,Safe
07-01-2024 22:45,6.36,Safe
07-01-2024 22:50,6.3,Safe
07-01-2024 22:55,6.29,Safe
07-01-2024 23:00,6.12,Safe
07-01-2024 23:05,6.04,Safe
07-01-2024 23:10,5.95,Safe
07-01-2024 23:15,5.87,Safe
07-01-2024 23:20,5.83,Safe
07-01-2024 23:25,5.79,Safe
07-01-2024 23:30,5.97,Safe
07-01-2024 23:35,5.81,Safe
07-01-2024 23:40,5.98,Safe
07-01-2024 23:45,5.86,Safe
07-01-2024 23:50,5.82,Safe
07-01-2024 23:55,5.96,Safe
08-01-2024 00:00,5.89,Safe
08-01-2024 00:05,5.84,Safe
08-01-2024 00:10,6.04,Safe
08-01-2024 00:15,6.03,Safe
08-01-2024 00:20,6.45,Safe
08-01-2024 00:25,6.36,Safe
08-01-2024 00:30,6.22,Safe
08-01-2024 00:35,5.72,Safe
08-01-2024 00:40,5.75,Safe
08-01-2024 00:45,5.66,Safe
08-01-2024 00:50,5.82,Safe
08-01-2024 00:55,5.88,Safe
08-01-2024 01:00,5.81,Safe
08-01-2024 01:05,5.87,Safe
08-01-2024 01:10,5.77,Safe
08-01-2024 01:15,5.85,Safe
08-01-2024 01:20,6.02,Safe
08-01-2024 01:25,6.15,Safe
08-01-2024 01:30,8.75,Warning
08-01-2024 01:35,8.3,Warning
08-01-2024 01:40,7.84,Safe
08-01-2024 01:45,7.51,Safe
08-01-2024 01:50,7.01,Safe
08-01-2024 01:55,6.49,Safe
08-01-2024 02:00,7.31,Safe
08-01-2024 02:05,6.83,Safe
08-01-2024 02:10,6.63,Safe
08-01-2024 02:15,6.47,Safe
08-01-2024 02:20,6.02,Safe
08-01-2024 02:25,5.95,Safe
08-01-2024 02:30,5.65,Safe
08-01-2024 02:35,5.67,Safe
08-01-2024 02:40,5.62,Safe
08-01-2024 02:45,5.73,Safe
08-01-2024 02:50,5.71,Safe
08-01-2024 02:55,5.89,Safe
08-01-2024 03:00,5.8,Safe
08-01-2024 03:05,5.89,Safe
08-01-2024 03:10,4.59,Safe
08-01-2024 03:15,4.58,Safe
08-01-2024 03:20,4.2,Safe
08-01-2024 03:25,3.73,Safe
08-01-2024 03:30,4.11,Safe
08-01-2024 03:35,4.09,Safe
08-01-2024 03:40,4.08,Safe
08-01-2024 03:45,4.09,Safe
08-01-2024 03:50,4.24,Safe
08-01-2024 03:55,4.06,Safe
08-01-2024 04:00,3.9,Safe
08-01-2024 04:05,3.86,Safe
08-01-2024 04:10,3.81,Safe
08-01-2024 04:15,3.71,Safe
08-01-2024 04:20,3.67,Safe
08-01-2024 04:25,3.72,Safe
08-01-2024 04:30,3.68,Safe
08-01-2024 04:35,3.87,Safe
08-01-2024 04:40,3.86,Safe
08-01-2024 04:45,3.92,Safe
08-01-2024 04:50,4.55,Safe
08-01-2024 04:55,4.36,Safe
08-01-2024 05:00,4.36,Safe
08-01-2024 05:05,4.51,Safe
08-01-2024 05:10,4.54,Safe
08-01-2024 05:15,4.39,Safe
08-01-2024 05:20,5.16,Safe
08-01-2024 05:25,5.07,Safe
08-01-2024 05:30,5.13,Safe
08-01-2024 05:35,5.16,Safe
08-01-2024 05:40,5.05,Safe
08-01-2024 05:45,4.93,Safe
08-01-2024 05:50,5,Safe
08-01-2024 05:55,5.2,Safe
08-01-2024 06:00,5.36,Safe
08-01-2024 06:05,5.87,Safe
08-01-2024 06:10,5.94,Safe
08-01-2024 06:15,5.75,Safe
08-01-2024 06:20,5.89,Safe
08-01-2024 06:25,6.42,Safe
08-01-2024 06:30,6.48,Safe
08-01-2024 06:35,6.46,Safe
08-01-2024 06:40,6.25,Safe
08-01-2024 06:45,6.28,Safe
08-01-2024 06:50,6.42,Safe
08-01-2024 06:55,7.33,Safe
08-01-2024 07:00,7.19,Safe
08-01-2024 07:05,6.61,Safe
08-01-2024 07:10,6.5,Safe
08-01-2024 07:15,6.37,Safe
08-01-2024 07:20,6.29,Safe
08-01-2024 07:25,6.14,Safe
08-01-2024 07:30,6.21,Safe
08-01-2024 07:35,6.34,Safe
08-01-2024 07:40,6.4,Safe
08-01-2024 07:45,6.23,Safe
08-01-2024 07:50,6.37,Safe
08-01-2024 07:55,6.39,Safe
08-01-2024 08:00,6.32,Safe
08-01-2024 08:05,6.2,Safe
08-01-2024 08:10,6.18,Safe
08-01-2024 08:15,6.04,Safe
08-01-2024 08:20,6.04,Safe
08-01-2024 08:25,6.26,Safe
08-01-2024 08:30,6.27,Safe
08-01-2024 08:35,6.36,Safe
08-01-2024 08:40,7.04,Safe
08-01-2024 08:45,6.93,Safe
08-01-2024 08:50,6.5,Safe
08-01-2024 08:55,6.45,Safe
08-01-2024 09:00,6.35,Safe
08-01-2024 09:05,6.41,Safe
08-01-2024 09:10,6.41,Safe
08-01-2024 09:15,6.26,Safe
08-01-2024 09:20,6.35,Safe
08-01-2024 09:25,6.19,Safe
08-01-2024 09:30,6,Safe
08-01-2024 09:35,5.89,Safe
08-01-2024 09:40,6.1,Safe
08-01-2024 09:45,6.25,Safe
08-01-2024 09:50,6.43,Safe
08-01-2024 09:55,6.27,Safe
08-01-2024 10:00,6.32,Safe
08-01-2024 10:05,6.16,Safe
08-01-2024 10:10,5.84,Safe
08-01-2024 10:15,5.79,Safe
08-01-2024 10:20,5.56,Safe
08-01-2024 10:25,5.7,Safe
08-01-2024 10:30,5.76,Safe
08-01-2024 10:35,5.96,Safe
08-01-2024 10:40,6.57,Safe
08-01-2024 10:45,6.45,Safe
08-01-2024 10:50,6.32,Safe
08-01-2024 10:55,6.35,Safe
08-01-2024 11:00,6.23,Safe
08-01-2024 11:05,6.39,Safe
08-01-2024 11:10,6.32,Safe
08-01-2024 11:15,6.33,Safe
08-01-2024 11:20,6.38,Safe
08-01-2024 11:25,6.2,Safe
08-01-2024 11:30,6.39,Safe
08-01-2024 11:35,6.28,Safe
08-01-2024 11:40,6.15,Safe
08-01-2024 11:45,6.09,Safe
08-01-2024 11:50,6.23,Safe
08-01-2024 11:55,6.32,Safe
08-01-2024 12:00,6.19,Safe
08-01-2024 12:05,6.23,Safe
08-01-2024 12:10,6.31,Safe
08-01-2024 12:15,6.48,Safe
08-01-2024 12:20,6.45,Safe
08-01-2024 12:25,6.33,Safe
08-01-2024 12:30,6.15,Safe
08-01-2024 12:35,6.29,Safe
08-01-2024 12:40,6.31,Safe
08-01-2024 12:45,6.03,Safe
08-01-2024 12:50,6.04,Safe
08-01-2024 12:55,6.06,Safe
08-01-2024 13:00,6.25,Safe
08-01-2024 13:05,6.11,Safe
08-01-2024 13:10,6.26,Safe
08-01-2024 13:15,6.21,Safe
08-01-2024 13:20,7.19,Safe
08-01-2024 13:25,6.76,Safe
08-01-2024 13:30,6.12,Safe
08-01-2024 13:35,6.25,Safe
08-01-2024 13:40,6.24,Safe
08-01-2024 13:45,6.25,Safe
08-01-2024 13:50,6.06,Safe
08-01-2024 13:55,6.1,Safe
08-01-2024 14:00,6.28,Safe
08-01-2024 14:05,6.26,Safe
08-01-2024 14:10,6.44,Safe
08-01-2024 14:15,6.3,Safe
08-01-2024 14:20,6.17,Safe
08-01-2024 14:25,6.1,Safe
08-01-2024 14:30,6,Safe
08-01-2024 14:35,6.05,Safe
08-01-2024 14:40,5.95,Safe
08-01-2024 14:45,6.01,Safe
08-01-2024 14:50,5.88,Safe
08-01-2024 14:55,5.73,Safe
08-01-2024 15:00,5.63,Safe
08-01-2024 15:05,5.74,Safe
08-01-2024 15:10,5.92,Safe
08-01-2024 15:15,5.8,Safe
08-01-2024 15:20,5.83,Safe
08-01-2024 15:25,5.67,Safe
08-01-2024 15:30,5.5,Safe
08-01-2024 15:35,5.33,Safe
08-01-2024 15:40,5.33,Safe
08-01-2024 15:45,5.43,Safe
08-01-2024 15:50,5.51,Safe
08-01-2024 15:55,5.71,Safe
08-01-2024 16:00,5.62,Safe
08-01-2024 16:05,5.73,Safe
08-01-2024 16:10,5.12,Safe
08-01-2024 16:15,5.11,Safe
08-01-2024 16:20,5.04,Safe
08-01-2024 16:25,4.87,Safe
08-01-2024 16:30,4.72,Safe
08-01-2024 16:35,5.26,Safe
08-01-2024 16:40,5.23,Safe
08-01-2024 16:45,4.98,Safe
08-01-2024 16:50,4.93,Safe
08-01-2024 16:55,5,Safe
08-01-2024 17:00,5.16,Safe
08-01-2024 17:05,5.22,Safe
08-01-2024 17:10,5.41,Safe
08-01-2024 17:15,6.02,Safe
08-01-2024 17:20,6.07,Safe
08-01-2024 17:25,6.06,Safe
08-01-2024 17:30,6.23,Safe
08-01-2024 17:35,6.4,Safe
08-01-2024 17:40,6.27,Safe
08-01-2024 17:45,6.42,Safe
08-01-2024 17:50,6.26,Safe
08-01-2024 17:55,6.09,Safe
08-01-2024 18:00,5.99,Safe
08-01-2024 18:05,6.95,Safe
08-01-2024 18:10,6.66,Safe
08-01-2024 18:15,6.46,Safe
08-01-2024 18:20,6.87,Safe
08-01-2024 18:25,6.47,Safe
08-01-2024 18:30,6.21,Safe
08-01-2024 18:35,6.17,Safe
08-01-2024 18:40,6.04,Safe
08-01-2024 18:45,5.98,Safe
08-01-2024 18:50,6.11,Safe
08-01-2024 18:55,5.5,Safe
08-01-2024 19:00,5.48,Safe
08-01-2024 19:05,5.5,Safe
08-01-2024 19:10,5.12,Safe
08-01-2024 19:15,5.07,Safe
08-01-2024 19:20,5.3,Safe
08-01-2024 19:25,5.13,Safe
08-01-2024 19:30,5.33,Safe
08-01-2024 19:35,5.06,Safe
08-01-2024 19:40,5.47,Safe
08-01-2024 19:45,6.22,Safe
08-01-2024 19:50,6.93,Safe
08-01-2024 19:55,6.59,Safe
08-01-2024 20:00,6.45,Safe
08-01-2024 20:05,6.28,Safe
08-01-2024 20:10,6.44,Safe
08-01-2024 20:15,6.2,Safe
08-01-2024 20:20,6.17,Safe
08-01-2024 20:25,6.2,Safe
08-01-2024 20:30,6.03,Safe
08-01-2024 20:35,5.48,Safe
08-01-2024 20:40,5.41,Safe
08-01-2024 20:45,4.97,Safe
08-01-2024 20:50,5.07,Safe
08-01-2024 20:55,5.1,Safe
08-01-2024 21:00,5.97,Safe
08-01-2024 21:05,6.74,Safe
08-01-2024 21:10,6.29,Safe
08-01-2024 21:15,6.36,Safe
08-01-2024 21:20,6.46,Safe
08-01-2024 21:25,6.5,Safe
08-01-2024 21:30,6.3,Safe
08-01-2024 21:35,6.26,Safe
08-01-2024 21:40,6.31,Safe
08-01-2024 21:45,6.45,Safe
08-01-2024 21:50,6.3,Safe
08-01-2024 21:55,6.16,Safe
08-01-2024 22:00,6.28,Safe
08-01-2024 22:05,6.65,Safe
08-01-2024 22:10,6.51,Safe
08-01-2024 22:15,6.48,Safe
08-01-2024 22:20,9.87,Warning
08-01-2024 22:25,9.49,Warning
08-01-2024 22:30,9.34,Warning
08-01-2024 22:35,9.2,Warning
08-01-2024 22:40,9.9,Warning
08-01-2024 22:45,9.41,Warning
08-01-2024 22:50,9.18,Warning
08-01-2024 22:55,8.81,Warning
08-01-2024 23:00,8.66,Warning
08-01-2024 23:05,9.39,Warning
08-01-2024 23:10,9.61,Warning
08-01-2024 23:15,9.49,Warning
08-01-2024 23:20,9.14,Warning
08-01-2024 23:25,8.71,Warning
08-01-2024 23:30,9.62,Warning
08-01-2024 23:35,9.41,Warning
08-01-2024 23:40,10.23,Risk
08-01-2024 23:45,9.74,Warning
08-01-2024 23:50,9.38,Warning
08-01-2024 23:55,9.15,Warning
09-01-2024 00:00,6.3,Safe
09-01-2024 00:05,6.28,Safe
09-01-2024 00:10,6.34,Safe
09-01-2024 00:15,6.23,Safe
09-01-2024 00:20,6.35,Safe
09-01-2024 00:25,6.36,Safe
09-01-2024 00:30,6.21,Safe
09-01-2024 00:35,6.21,Safe
09-01-2024 00:40,6.35,Safe
09-01-2024 00:45,6.37,Safe
09-01-2024 00:50,7.01,Safe
09-01-2024 00:55,6.77,Safe
09-01-2024 01:00,6.51,Safe
09-01-2024 01:05,6.05,Safe
09-01-2024 01:10,6.13,Safe
09-01-2024 01:15,5.94,Safe
09-01-2024 01:20,6.12,Safe
09-01-2024 01:25,6.01,Safe
09-01-2024 01:30,5.99,Safe
09-01-2024 01:35,6.08,Safe
09-01-2024 01:40,6.27,Safe
09-01-2024 01:45,6.32,Safe
09-01-2024 01:50,6.27,Safe
09-01-2024 01:55,6.1,Safe
09-01-2024 02:00,6.18,Safe
09-01-2024 02:05,6.18,Safe
09-01-2024 02:10,6.34,Safe
09-01-2024 02:15,6.36,Safe
09-01-2024 02:20,6.16,Safe
09-01-2024 02:25,6.57,Safe
09-01-2024 02:30,6.2,Safe
09-01-2024 02:35,6.33,Safe
09-01-2024 02:40,6.2,Safe
09-01-2024 02:45,6.07,Safe
09-01-2024 02:50,6.59,Safe
09-01-2024 02:55,6.4,Safe
09-01-2024 03:00,6.27,Safe
09-01-2024 03:05,6.34,Safe
09-01-2024 03:10,6.4,Safe
09-01-2024 03:15,6.48,Safe
09-01-2024 03:20,6.35,Safe
09-01-2024 03:25,7.26,Safe
09-01-2024 03:30,6.74,Safe
09-01-2024 03:35,7.11,Safe
09-01-2024 03:40,6.68,Safe
09-01-2024 03:45,6.52,Safe
09-01-2024 03:50,6.38,Safe
09-01-2024 03:55,6.23,Safe
09-01-2024 04:00,6.28,Safe
09-01-2024 04:05,6.44,Safe
09-01-2024 04:10,6.23,Safe
09-01-2024 04:15,6.07,Safe
09-01-2024 04:20,6.1,Safe
09-01-2024 04:25,6.32,Safe
09-01-2024 04:30,6.15,Safe
09-01-2024 04:35,6.33,Safe
09-01-2024 04:40,5.7,Safe
09-01-2024 04:45,5.87,Safe
09-01-2024 04:50,5.97,Safe
09-01-2024 04:55,6.16,Safe
09-01-2024 05:00,6.12,Safe
09-01-2024 05:05,6.06,Safe
09-01-2024 05:10,5.94,Safe
09-01-2024 05:15,5.81,Safe
09-01-2024 05:20,6.18,Safe
09-01-2024 05:25,6.85,Safe
09-01-2024 05:30,6.71,Safe
09-01-2024 05:35,6.56,Safe
09-01-2024 05:40,6.26,Safe
09-01-2024 05:45,6.37,Safe
09-01-2024 05:50,6.49,Safe
09-01-2024 05:55,6.43,Safe
09-01-2024 06:00,6.43,Safe
09-01-2024 06:05,6.45,Safe
09-01-2024 06:10,6.46,Safe
09-01-2024 06:15,6.21,Safe
09-01-2024 06:20,6.67,Safe
09-01-2024 06:25,6.51,Safe
09-01-2024 06:30,6.72,Safe
09-01-2024 06:35,6.53,Safe
09-01-2024 06:40,6.92,Safe
09-01-2024 06:45,6.45,Safe
09-01-2024 06:50,6.42,Safe
09-01-2024 06:55,6.23,Safe
09-01-2024 07:00,6.4,Safe
09-01-2024 07:05,6.31,Safe
09-01-2024 07:10,6.39,Safe
09-01-2024 07:15,6.04,Safe
09-01-2024 07:20,6.12,Safe
09-01-2024 07:25,6.11,Safe
09-01-2024 07:30,6.06,Safe
09-01-2024 07:35,6.22,Safe
09-01-2024 07:40,6.4,Safe
09-01-2024 07:45,6.44,Safe
09-01-2024 07:50,6.29,Safe
09-01-2024 07:55,6.17,Safe
09-01-2024 08:00,6.12,Safe
09-01-2024 08:05,6.28,Safe
09-01-2024 08:10,6.17,Safe
09-01-2024 08:15,6.24,Safe
09-01-2024 08:20,6.38,Safe
09-01-2024 08:25,7.14,Safe
09-01-2024 08:30,6.99,Safe
09-01-2024 08:35,6.69,Safe
09-01-2024 08:40,6.38,Safe
09-01-2024 08:45,6.14,Safe
09-01-2024 08:50,6.01,Safe
09-01-2024 08:55,6.72,Safe
09-01-2024 09:00,6.41,Safe
09-01-2024 09:05,6.42,Safe
09-01-2024 09:10,6.38,Safe
09-01-2024 09:15,6.46,Safe
09-01-2024 09:20,6.35,Safe
09-01-2024 09:25,6.18,Safe
09-01-2024 09:30,6.35,Safe
09-01-2024 09:35,6.28,Safe
09-01-2024 09:40,6.31,Safe
09-01-2024 09:45,6.2,Safe
09-01-2024 09:50,6.96,Safe
09-01-2024 09:55,6.71,Safe
09-01-2024 10:00,7.37,Safe
09-01-2024 10:05,7.2,Safe
09-01-2024 10:10,6.8,Safe
09-01-2024 10:15,6.34,Safe
09-01-2024 10:20,6.2,Safe
09-01-2024 10:25,6.05,Safe
09-01-2024 10:30,6.15,Safe
09-01-2024 10:35,6.62,Safe
09-01-2024 10:40,6.46,Safe
09-01-2024 10:45,6.34,Safe
09-01-2024 10:50,6.42,Safe
09-01-2024 10:55,6.24,Safe
09-01-2024 11:00,6.32,Safe
09-01-2024 11:05,6.44,Safe
09-01-2024 11:10,6.24,Safe
09-01-2024 11:15,6.82,Safe
09-01-2024 11:20,6.55,Safe
09-01-2024 11:25,6.46,Safe
09-01-2024 11:30,6.32,Safe
09-01-2024 11:35,5.76,Safe
09-01-2024 11:40,5.82,Safe
09-01-2024 11:45,5.63,Safe
09-01-2024 11:50,5.4,Safe
09-01-2024 11:55,5.58,Safe
09-01-2024 12:00,5.59,Safe
09-01-2024 12:05,5.51,Safe
09-01-2024 12:10,5.43,Safe
09-01-2024 12:15,5.61,Safe
09-01-2024 12:20,5.64,Safe
09-01-2024 12:25,5.53,Safe
09-01-2024 12:30,5.38,Safe
09-01-2024 12:35,5.21,Safe
09-01-2024 12:40,4.54,Safe
09-01-2024 12:45,4.57,Safe
09-01-2024 12:50,4.73,Safe
09-01-2024 12:55,4.89,Safe
09-01-2024 13:00,4.81,Safe
09-01-2024 13:05,4.66,Safe
09-01-2024 13:10,4.7,Safe
09-01-2024 13:15,4.57,Safe
09-01-2024 13:20,4.53,Safe
09-01-2024 13:25,4.69,Safe
09-01-2024 13:30,4.75,Safe
09-01-2024 13:35,4.73,Safe
09-01-2024 13:40,4.66,Safe
09-01-2024 13:45,4.84,Safe
09-01-2024 13:50,4.69,Safe
09-01-2024 13:55,4.58,Safe
09-01-2024 14:00,4.71,Safe
09-01-2024 14:05,4.52,Safe
09-01-2024 14:10,4.35,Safe
09-01-2024 14:15,4.31,Safe
09-01-2024 14:20,4.24,Safe
09-01-2024 14:25,4.41,Safe
09-01-2024 14:30,4.28,Safe
09-01-2024 14:35,4.15,Safe
09-01-2024 14:40,4.04,Safe
09-01-2024 14:45,4.23,Safe
09-01-2024 14:50,4.25,Safe
09-01-2024 14:55,4.84,Safe
09-01-2024 15:00,4.86,Safe
09-01-2024 15:05,5.23,Safe
09-01-2024 15:10,5.33,Safe
09-01-2024 15:15,5.22,Safe
09-01-2024 15:20,5.36,Safe
09-01-2024 15:25,6.09,Safe
09-01-2024 15:30,6.17,Safe
09-01-2024 15:35,6.09,Safe
09-01-2024 15:40,6.16,Safe
09-01-2024 15:45,6.07,Safe
09-01-2024 15:50,6.24,Safe
09-01-2024 15:55,6.23,Safe
09-01-2024 16:00,6.17,Safe
09-01-2024 16:05,5.97,Safe
09-01-2024 16:10,5.82,Safe
09-01-2024 16:15,5.99,Safe
09-01-2024 16:20,6.74,Safe
09-01-2024 16:25,6.41,Safe
09-01-2024 16:30,6.42,Safe
09-01-2024 16:35,6.31,Safe
09-01-2024 16:40,6.55,Safe
09-01-2024 16:45,6.47,Safe
09-01-2024 16:50,6.37,Safe
09-01-2024 16:55,6.26,Safe
09-01-2024 17:00,6.09,Safe
09-01-2024 17:05,6.87,Safe
09-01-2024 17:10,6.66,Safe
09-01-2024 17:15,6.22,Safe
09-01-2024 17:20,6.33,Safe
09-01-2024 17:25,6.16,Safe
09-01-2024 17:30,6.16,Safe
09-01-2024 17:35,6.69,Safe
09-01-2024 17:40,6.46,Safe
09-01-2024 17:45,6.31,Safe
09-01-2024 17:50,7.09,Safe
09-01-2024 17:55,6.9,Safe
09-01-2024 18:00,6.41,Safe
09-01-2024 18:05,6.27,Safe
09-01-2024 18:10,5.89,Safe
09-01-2024 18:15,5.86,Safe
09-01-2024 18:20,5.22,Safe
09-01-2024 18:25,5.22,Safe
09-01-2024 18:30,5.16,Safe
09-01-2024 18:35,5.13,Safe
09-01-2024 18:40,4.97,Safe
09-01-2024 18:45,5.04,Safe
09-01-2024 18:50,5.87,Safe
09-01-2024 18:55,5.85,Safe
09-01-2024 19:00,6.14,Safe
09-01-2024 19:05,6.29,Safe
09-01-2024 19:10,8.69,Warning
09-01-2024 19:15,8.52,Warning
09-01-2024 19:20,8.41,Warning
09-01-2024 19:25,8.77,Warning
09-01-2024 19:30,8.6,Warning
09-01-2024 19:35,8.28,Warning
09-01-2024 19:40,8.17,Warning
09-01-2024 19:45,7.81,Safe
09-01-2024 19:50,8.6,Warning
09-01-2024 19:55,8.14,Warning
09-01-2024 20:00,7.97,Safe
09-01-2024 20:05,7.7,Safe
09-01-2024 20:10,7.28,Safe
09-01-2024 20:15,8.24,Warning
09-01-2024 20:20,8.11,Warning
09-01-2024 20:25,7.72,Safe
09-01-2024 20:30,8.37,Warning
09-01-2024 20:35,8.13,Warning
09-01-2024 20:40,7.87,Safe
09-01-2024 20:45,7.64,Safe
09-01-2024 20:50,4.75,Safe
09-01-2024 20:55,4.45,Safe
09-01-2024 21:00,5.2,Safe
09-01-2024 21:05,5.35,Safe
09-01-2024 21:10,5.22,Safe
09-01-2024 21:15,5.11,Safe
09-01-2024 21:20,5.25,Safe
09-01-2024 21:25,5.43,Safe
09-01-2024 21:30,5.25,Safe
09-01-2024 21:35,5.22,Safe
09-01-2024 21:40,5.74,Safe
09-01-2024 21:45,5.65,Safe
09-01-2024 21:50,5.7,Safe
09-01-2024 21:55,5.76,Safe
09-01-2024 22:00,5.75,Safe
09-01-2024 22:05,5.64,Safe
09-01-2024 22:10,5.61,Safe
09-01-2024 22:15,5.52,Safe
09-01-2024 22:20,5.37,Safe
09-01-2024 22:25,5.5,Safe
09-01-2024 22:30,5.41,Safe
09-01-2024 22:35,5.46,Safe
09-01-2024 22:40,5.62,Safe
09-01-2024 22:45,5.65,Safe
09-01-2024 22:50,5.73,Safe
09-01-2024 22:55,5.57,Safe
09-01-2024 23:00,5.53,Safe
09-01-2024 23:05,5.53,Safe
09-01-2024 23:10,5.53,Safe
09-01-2024 23:15,5.27,Safe
09-01-2024 23:20,5.43,Safe
09-01-2024 23:25,5.39,Safe
09-01-2024 23:30,5.47,Safe
09-01-2024 23:35,5.32,Safe
09-01-2024 23:40,5.19,Safe
09-01-2024 23:45,5.31,Safe
09-01-2024 23:50,6.29,Safe
09-01-2024 23:55,6.19,Safe
10-01-2024 00:00,6.63,Safe
10-01-2024 00:05,6.46,Safe
10-01-2024 00:10,6.38,Safe
10-01-2024 00:15,6.01,Safe
10-01-2024 00:20,5.97,Safe
10-01-2024 00:25,5.96,Safe
10-01-2024 00:30,6.11,Safe
10-01-2024 00:35,6.16,Safe
10-01-2024 00:40,6.3,Safe
10-01-2024 00:45,6.36,Safe
10-01-2024 00:50,6.26,Safe
10-01-2024 00:55,6.07,Safe
10-01-2024 01:00,6.81,Safe
10-01-2024 01:05,6.58,Safe
10-01-2024 01:10,6.35,Safe
10-01-2024 01:15,6.31,Safe
10-01-2024 01:20,6.4,Safe
10-01-2024 01:25,6.35,Safe
10-01-2024 01:30,6.57,Safe
10-01-2024 01:35,6.45,Safe
10-01-2024 01:40,6.35,Safe
10-01-2024 01:45,6.33,Safe
10-01-2024 01:50,7.31,Safe
10-01-2024 01:55,6.94,Safe
10-01-2024 02:00,6.73,Safe
10-01-2024 02:05,6.52,Safe
10-01-2024 02:10,6.27,Safe
10-01-2024 02:15,6.13,Safe
10-01-2024 02:20,6.07,Safe
10-01-2024 02:25,6.54,Safe
10-01-2024 02:30,6.45,Safe
10-01-2024 02:35,6.23,Safe
10-01-2024 02:40,6.08,Safe
10-01-2024 02:45,5.97,Safe
10-01-2024 02:50,5.9,Safe
10-01-2024 02:55,5.81,Safe
10-01-2024 03:00,5.76,Safe
10-01-2024 03:05,5.73,Safe
10-01-2024 03:10,5.55,Safe
10-01-2024 03:15,5.69,Safe
10-01-2024 03:20,5.73,Safe
10-01-2024 03:25,5.72,Safe
10-01-2024 03:30,5.84,Safe
10-01-2024 03:35,5.69,Safe
10-01-2024 03:40,5.67,Safe
10-01-2024 03:45,5.14,Safe
10-01-2024 03:50,5.32,Safe
10-01-2024 03:55,5.26,Safe
10-01-2024 04:00,5.19,Safe
10-01-2024 04:05,5.18,Safe
10-01-2024 04:10,5.09,Safe
10-01-2024 04:15,5.28,Safe
10-01-2024 04:20,5.39,Safe
10-01-2024 04:25,5.57,Safe
10-01-2024 04:30,5.74,Safe
10-01-2024 04:35,5.82,Safe
10-01-2024 04:40,5.97,Safe
10-01-2024 04:45,6.03,Safe
10-01-2024 04:50,6.06,Safe
10-01-2024 04:55,6.58,Safe
10-01-2024 05:00,6.97,Safe
10-01-2024 05:05,6.78,Safe
10-01-2024 05:10,6.55,Safe
10-01-2024 05:15,6.4,Safe
10-01-2024 05:20,6.24,Safe
10-01-2024 05:25,6.26,Safe
10-01-2024 05:30,6.18,Safe
10-01-2024 05:35,6.28,Safe
10-01-2024 05:40,6.68,Safe
10-01-2024 05:45,6.2,Safe
10-01-2024 05:50,6.32,Safe
10-01-2024 05:55,6.94,Safe
10-01-2024 06:00,6.46,Safe
10-01-2024 06:05,7.38,Safe
10-01-2024 06:10,6.7,Safe
10-01-2024 06:15,6.56,Safe
10-01-2024 06:20,6.49,Safe
10-01-2024 06:25,6.24,Safe
10-01-2024 06:30,6.39,Safe
10-01-2024 06:35,6.21,Safe
10-01-2024 06:40,6.2,Safe
10-01-2024 06:45,6.34,Safe
10-01-2024 06:50,6.45,Safe
10-01-2024 06:55,6.78,Safe
10-01-2024 07:00,6.49,Safe
10-01-2024 07:05,6.22,Safe
10-01-2024 07:10,6.48,Safe
10-01-2024 07:15,6.39,Safe
10-01-2024 07:20,6.27,Safe
10-01-2024 07:25,6.38,Safe
10-01-2024 07:30,7.38,Safe
10-01-2024 07:35,6.98,Safe
10-01-2024 07:40,7.48,Safe
10-01-2024 07:45,8.13,Warning
10-01-2024 07:50,8.5,Warning
10-01-2024 07:55,8.86,Warning
10-01-2024 08:00,8.54,Warning
10-01-2024 08:05,8.18,Warning
10-01-2024 08:10,7.94,Safe
10-01-2024 08:15,8.61,Warning
10-01-2024 08:20,8.47,Warning
10-01-2024 08:25,8.23,Warning
10-01-2024 08:30,7.81,Safe
10-01-2024 08:35,8.8,Warning
10-01-2024 08:40,8.44,Warning
10-01-2024 08:45,8.09,Warning
10-01-2024 08:50,7.81,Safe
10-01-2024 08:55,7.52,Safe
10-01-2024 09:00,7.39,Safe
10-01-2024 09:05,7.23,Safe
10-01-2024 09:10,8.22,Warning
10-01-2024 09:15,7.83,Safe
10-01-2024 09:20,7.55,Safe
10-01-2024 09:25,7.32,Safe
10-01-2024 09:30,7.01,Safe
10-01-2024 09:35,6.87,Safe
10-01-2024 09:40,6.69,Safe
10-01-2024 09:45,6.35,Safe
10-01-2024 09:50,6.37,Safe
10-01-2024 09:55,6.27,Safe
10-01-2024 10:00,6.68,Safe
10-01-2024 10:05,6.31,Safe
10-01-2024 10:10,6.14,Safe
10-01-2024 10:15,6.3,Safe
10-01-2024 10:20,5.88,Safe
10-01-2024 10:25,5.77,Safe
10-01-2024 10:30,6.2,Safe
10-01-2024 10:35,6.2,Safe
10-01-2024 10:40,6.27,Safe
10-01-2024 10:45,5.64,Safe
10-01-2024 10:50,5.62,Safe
10-01-2024 10:55,5.8,Safe
10-01-2024 11:00,5.64,Safe
10-01-2024 11:05,5.55,Safe
10-01-2024 11:10,5.5,Safe
10-01-2024 11:15,5.26,Safe
10-01-2024 11:20,5.12,Safe
10-01-2024 11:25,5.01,Safe
10-01-2024 11:30,5.01,Safe
10-01-2024 11:35,5.02,Safe
10-01-2024 11:40,4.98,Safe
10-01-2024 11:45,5.23,Safe
10-01-2024 11:50,5.35,Safe
10-01-2024 11:55,5.25,Safe
10-01-2024 12:00,5.33,Safe
10-01-2024 12:05,5.51,Safe
10-01-2024 12:10,5.34,Safe
10-01-2024 12:15,5.32,Safe
10-01-2024 12:20,5.35,Safe
10-01-2024 12:25,5.4,Safe
10-01-2024 12:30,5.55,Safe
10-01-2024 12:35,5.56,Safe
10-01-2024 12:40,5.45,Safe
10-01-2024 12:45,5.25,Safe
10-01-2024 12:50,5.3,Safe
10-01-2024 12:55,5.15,Safe
10-01-2024 13:00,5.65,Safe
10-01-2024 13:05,5.51,Safe
10-01-2024 13:10,5.43,Safe
10-01-2024 13:15,5.4,Safe
10-01-2024 13:20,5.39,Safe
10-01-2024 13:25,5.36,Safe
10-01-2024 13:30,5.46,Safe
10-01-2024 13:35,5.29,Safe
10-01-2024 13:40,5.32,Safe
10-01-2024 13:45,6.11,Safe
10-01-2024 13:50,6.09,Safe
10-01-2024 13:55,5.96,Safe
10-01-2024 14:00,6.13,Safe
10-01-2024 14:05,6.2,Safe
10-01-2024 14:10,6.12,Safe
10-01-2024 14:15,6.2,Safe
10-01-2024 14:20,6.26,Safe
10-01-2024 14:25,6.31,Safe
10-01-2024 14:30,7.07,Safe
10-01-2024 14:35,6.94,Safe
10-01-2024 14:40,6.74,Safe
10-01-2024 14:45,6.28,Safe
10-01-2024 14:50,6.45,Safe
10-01-2024 14:55,6.27,Safe
10-01-2024 15:00,6.65,Safe
10-01-2024 15:05,6.23,Safe
10-01-2024 15:10,6.27,Safe
10-01-2024 15:15,6.28,Safe
10-01-2024 15:20,6.25,Safe
10-01-2024 15:25,6.22,Safe
10-01-2024 15:30,6.05,Safe
10-01-2024 15:35,6.19,Safe
10-01-2024 15:40,6.06,Safe
10-01-2024 15:45,5.89,Safe
10-01-2024 15:50,5.83,Safe
10-01-2024 15:55,5.95,Safe
10-01-2024 16:00,8.46,Warning
10-01-2024 16:05,8.28,Warning
10-01-2024 16:10,8.01,Warning
10-01-2024 16:15,7.56,Safe
10-01-2024 16:20,7.33,Safe
10-01-2024 16:25,7.03,Safe
10-01-2024 16:30,6.85,Safe
10-01-2024 16:35,6.64,Safe
10-01-2024 16:40,6.45,Safe
10-01-2024 16:45,6.24,Safe
10-01-2024 16:50,6.11,Safe
10-01-2024 16:55,6.13,Safe
10-01-2024 17:00,5.94,Safe
10-01-2024 17:05,5.8,Safe
10-01-2024 17:10,5.81,Safe
10-01-2024 17:15,5.8,Safe
10-01-2024 17:20,5.61,Safe
10-01-2024 17:25,5.56,Safe
10-01-2024 17:30,5.53,Safe
10-01-2024 17:35,5.51,Safe
10-01-2024 17:40,3.46,Safe
10-01-2024 17:45,2.82,Safe
10-01-2024 17:50,3.15,Safe
10-01-2024 17:55,3.29,Safe
10-01-2024 18:00,3.41,Safe
10-01-2024 18:05,3.53,Safe
10-01-2024 18:10,3.93,Safe
10-01-2024 18:15,3.88,Safe
10-01-2024 18:20,3.34,Safe
10-01-2024 18:25,3.79,Safe
10-01-2024 18:30,4.74,Safe
10-01-2024 18:35,4.73,Safe
10-01-2024 18:40,4.47,Safe
10-01-2024 18:45,5.25,Safe
10-01-2024 18:50,5.38,Safe
10-01-2024 18:55,6.22,Safe
10-01-2024 19:00,6.29,Safe
10-01-2024 19:05,6.16,Safe
10-01-2024 19:10,6.19,Safe
10-01-2024 19:15,6.16,Safe
10-01-2024 19:20,6.22,Safe
10-01-2024 19:25,6.74,Safe
10-01-2024 19:30,6.63,Safe
10-01-2024 19:35,6.48,Safe
10-01-2024 19:40,6.39,Safe
10-01-2024 19:45,6.25,Safe
10-01-2024 19:50,6.17,Safe
10-01-2024 19:55,6.17,Safe
10-01-2024 20:00,6.24,Safe
10-01-2024 20:05,6.12,Safe
10-01-2024 20:10,6.26,Safe
10-01-2024 20:15,6.43,Safe
10-01-2024 20:20,6.33,Safe
10-01-2024 20:25,6.32,Safe
10-01-2024 20:30,6.18,Safe
10-01-2024 20:35,6.05,Safe
10-01-2024 20:40,6.42,Safe
10-01-2024 20:45,6.22,Safe
10-01-2024 20:50,6.03,Safe
10-01-2024 20:55,6.13,Safe
10-01-2024 21:00,5.93,Safe
10-01-2024 21:05,5.76,Safe
10-01-2024 21:10,5.66,Safe
10-01-2024 21:15,5.98,Safe
10-01-2024 21:20,6.01,Safe
10-01-2024 21:25,6.36,Safe
10-01-2024 21:30,6.31,Safe
10-01-2024 21:35,6.47,Safe
10-01-2024 21:40,6.2,Safe
10-01-2024 21:45,6.33,Safe
10-01-2024 21:50,6.35,Safe
10-01-2024 21:55,6.36,Safe
10-01-2024 22:00,6.35,Safe
10-01-2024 22:05,6.28,Safe
10-01-2024 22:10,6.61,Safe
10-01-2024 22:15,6.36,Safe
10-01-2024 22:20,6.19,Safe
10-01-2024 22:25,6.19,Safe
10-01-2024 22:30,6,Safe
10-01-2024 22:35,6.03,Safe
10-01-2024 22:40,6.21,Safe
10-01-2024 22:45,6.33,Safe
10-01-2024 22:50,6.32,Safe
10-01-2024 22:55,5.95,Safe
10-01-2024 23:00,6.06,Safe
10-01-2024 23:05,6.18,Safe
10-01-2024 23:10,6.24,Safe
10-01-2024 23:15,6.91,Safe
10-01-2024 23:20,6.65,Safe
10-01-2024 23:25,6.24,Safe
10-01-2024 23:30,6.1,Safe
10-01-2024 23:35,6.06,Safe
10-01-2024 23:40,6.17,Safe
10-01-2024 23:45,6.19,Safe
10-01-2024 23:50,6.8,Safe
10-01-2024 23:55,6.31,Safe
11-01-2024 00:00,6.23,Safe
11-01-2024 00:05,6.08,Safe
11-01-2024 00:10,6.01,Safe
11-01-2024 00:15,5.84,Safe
11-01-2024 00:20,5.89,Safe
11-01-2024 00:25,5.86,Safe
11-01-2024 00:30,5.91,Safe
11-01-2024 00:35,6.06,Safe
11-01-2024 00:40,5.95,Safe
11-01-2024 00:45,5.77,Safe
11-01-2024 00:50,5.93,Safe
11-01-2024 00:55,5.81,Safe
11-01-2024 01:00,5.73,Safe
11-01-2024 01:05,5.72,Safe
11-01-2024 01:10,5.87,Safe
11-01-2024 01:15,5.72,Safe
11-01-2024 01:20,5.59,Safe
11-01-2024 01:25,5.56,Safe
11-01-2024 01:30,5.44,Safe
11-01-2024 01:35,5.34,Safe
11-01-2024 01:40,5.53,Safe
11-01-2024 01:45,5.35,Safe
11-01-2024 01:50,5.26,Safe
11-01-2024 01:55,5.44,Safe
11-01-2024 02:00,5.27,Safe
11-01-2024 02:05,5.14,Safe
11-01-2024 02:10,5.25,Safe
11-01-2024 02:15,5.07,Safe
11-01-2024 02:20,5.03,Safe
11-01-2024 02:25,5.04,Safe
11-01-2024 02:30,5.02,Safe
11-01-2024 02:35,5,Safe
11-01-2024 02:40,5.16,Safe
11-01-2024 02:45,5.18,Safe
11-01-2024 02:50,5.08,Safe
11-01-2024 02:55,5.08,Safe
11-01-2024 03:00,4.44,Safe
11-01-2024 03:05,4.59,Safe
11-01-2024 03:10,4.59,Safe
11-01-2024 03:15,4.51,Safe
11-01-2024 03:20,4.63,Safe
11-01-2024 03:25,4.55,Safe
11-01-2024 03:30,4.6,Safe
11-01-2024 03:35,4.75,Safe
11-01-2024 03:40,4.65,Safe
11-01-2024 03:45,4.69,Safe
11-01-2024 03:50,4.67,Safe
11-01-2024 03:55,4.71,Safe
11-01-2024 04:00,4.59,Safe
11-01-2024 04:05,4.67,Safe
11-01-2024 04:10,4.85,Safe
11-01-2024 04:15,4.72,Safe
11-01-2024 04:20,4.56,Safe
11-01-2024 04:25,4.49,Safe
11-01-2024 04:30,4.42,Safe
11-01-2024 04:35,4.3,Safe
11-01-2024 04:40,4.27,Safe
11-01-2024 04:45,4.09,Safe
11-01-2024 04:50,4.2,Safe
11-01-2024 04:55,4.28,Safe
11-01-2024 05:00,4.47,Safe
11-01-2024 05:05,4.59,Safe
11-01-2024 05:10,4.62,Safe
11-01-2024 05:15,4.8,Safe
11-01-2024 05:20,4.69,Safe
11-01-2024 05:25,4.77,Safe
11-01-2024 05:30,4.1,Safe
11-01-2024 05:35,4.27,Safe
11-01-2024 05:40,4.18,Safe
11-01-2024 05:45,4.02,Safe
11-01-2024 05:50,4.08,Safe
11-01-2024 05:55,4.2,Safe
11-01-2024 06:00,4.2,Safe
11-01-2024 06:05,4.12,Safe
11-01-2024 06:10,4.23,Safe
11-01-2024 06:15,4.26,Safe
11-01-2024 06:20,4.14,Safe
11-01-2024 06:25,5.09,Safe
11-01-2024 06:30,5.23,Safe
11-01-2024 06:35,5.24,Safe
11-01-2024 06:40,5.14,Safe
11-01-2024 06:45,5.04,Safe
11-01-2024 06:50,5.04,Safe
11-01-2024 06:55,5.95,Safe
11-01-2024 07:00,5.97,Safe
11-01-2024 07:05,6.01,Safe
11-01-2024 07:10,5.93,Safe
11-01-2024 07:15,6.11,Safe
11-01-2024 07:20,6.09,Safe
11-01-2024 07:25,6.2,Safe
11-01-2024 07:30,6.27,Safe
11-01-2024 07:35,6.09,Safe
11-01-2024 07:40,6.44,Safe
11-01-2024 07:45,6.34,Safe
11-01-2024 07:50,6.47,Safe
11-01-2024 07:55,6.21,Safe
11-01-2024 08:00,6.31,Safe
11-01-2024 08:05,6.5,Safe
11-01-2024 08:10,6.44,Safe
11-01-2024 08:15,6.42,Safe
11-01-2024 08:20,6.22,Safe
11-01-2024 08:25,6.37,Safe
11-01-2024 08:30,6.38,Safe
11-01-2024 08:35,6.47,Safe
11-01-2024 08:40,6.43,Safe
11-01-2024 08:45,6.29,Safe
11-01-2024 08:50,6.19,Safe
11-01-2024 08:55,6.38,Safe
11-01-2024 09:00,6.26,Safe
11-01-2024 09:05,6.3,Safe
11-01-2024 09:10,6.29,Safe
11-01-2024 09:15,6.42,Safe
11-01-2024 09:20,6.3,Safe
11-01-2024 09:25,6.99,Safe
11-01-2024 09:30,6.78,Safe
11-01-2024 09:35,6.64,Safe
11-01-2024 09:40,6.54,Safe
11-01-2024 09:45,6.38,Safe
11-01-2024 09:50,6.28,Safe
11-01-2024 09:55,6.31,Safe
11-01-2024 10:00,6.11,Safe
11-01-2024 10:05,6.18,Safe
11-01-2024 10:10,6.24,Safe
11-01-2024 10:15,6.35,Safe
11-01-2024 10:20,6.16,Safe
11-01-2024 10:25,6.09,Safe
11-01-2024 10:30,6.09,Safe
11-01-2024 10:35,6.35,Safe
11-01-2024 10:40,5.66,Safe
11-01-2024 10:45,5.55,Safe
11-01-2024 10:50,5.61,Safe
11-01-2024 10:55,5.74,Safe
11-01-2024 11:00,5.87,Safe
11-01-2024 11:05,5.79,Safe
11-01-2024 11:10,5.75,Safe
11-01-2024 11:15,5.56,Safe
11-01-2024 11:20,5.63,Safe
11-01-2024 11:25,5.69,Safe
11-01-2024 11:30,5.69,Safe
11-01-2024 11:35,5.66,Safe
11-01-2024 11:40,5.77,Safe
11-01-2024 11:45,5.73,Safe
11-01-2024 11:50,6.19,Safe
11-01-2024 11:55,6.23,Safe
11-01-2024 12:00,6.29,Safe
11-01-2024 12:05,6.47,Safe
11-01-2024 12:10,6.49,Safe
11-01-2024 12:15,6.33,Safe
11-01-2024 12:20,6.36,Safe
11-01-2024 12:25,7.29,Safe
11-01-2024 12:30,7.06,Safe
11-01-2024 12:35,6.85,Safe
11-01-2024 12:40,6.4,Safe
11-01-2024 12:45,6.77,Safe
11-01-2024 12:50,11.74,Compromised
11-01-2024 12:55,11.42,Risk
11-01-2024 13:00,11.06,Risk
11-01-2024 13:05,10.9,Risk
11-01-2024 13:10,10.64,Risk
11-01-2024 13:15,10.24,Risk
11-01-2024 13:20,10.92,Risk
11-01-2024 13:25,10.63,Risk
11-01-2024 13:30,10.25,Risk
11-01-2024 13:35,9.88,Warning
11-01-2024 13:40,9.45,Warning
11-01-2024 13:45,9.31,Warning
11-01-2024 13:50,8.74,Warning
11-01-2024 13:55,8.26,Warning
11-01-2024 14:00,8.63,Warning
11-01-2024 14:05,8.33,Warning
11-01-2024 14:10,9.19,Warning
11-01-2024 14:15,8.66,Warning
11-01-2024 14:20,8.27,Warning
11-01-2024 14:25,7.86,Safe
11-01-2024 14:30,5.63,Safe
11-01-2024 14:35,5.54,Safe
11-01-2024 14:40,5.51,Safe
11-01-2024 14:45,5.39,Safe
11-01-2024 14:50,5.3,Safe
11-01-2024 14:55,5.18,Safe
11-01-2024 15:00,5.1,Safe
11-01-2024 15:05,4.96,Safe
11-01-2024 15:10,5.17,Safe
11-01-2024 15:15,5.04,Safe
11-01-2024 15:20,5.65,Safe
11-01-2024 15:25,5.81,Safe
11-01-2024 15:30,5.89,Safe
11-01-2024 15:35,5.83,Safe
11-01-2024 15:40,5.98,Safe
11-01-2024 15:45,6.06,Safe
11-01-2024 15:50,7.01,Safe
11-01-2024 15:55,6.71,Safe
11-01-2024 16:00,6.38,Safe
11-01-2024 16:05,6.36,Safe
11-01-2024 16:10,6.27,Safe
11-01-2024 16:15,6.18,Safe
11-01-2024 16:20,6.29,Safe
11-01-2024 16:25,6.14,Safe
11-01-2024 16:30,6.16,Safe
11-01-2024 16:35,5.98,Safe
11-01-2024 16:40,5.84,Safe
11-01-2024 16:45,6,Safe
11-01-2024 16:50,6.13,Safe
11-01-2024 16:55,6.12,Safe
11-01-2024 17:00,6.04,Safe
11-01-2024 17:05,6.18,Safe
11-01-2024 17:10,6.17,Safe
11-01-2024 17:15,6.22,Safe
11-01-2024 17:20,6.42,Safe
11-01-2024 17:25,6.26,Safe
11-01-2024 17:30,6.38,Safe
11-01-2024 17:35,6.18,Safe
11-01-2024 17:40,6.28,Safe
11-01-2024 17:45,6.4,Safe
11-01-2024 17:50,6.28,Safe
11-01-2024 17:55,5.68,Safe
11-01-2024 18:00,5.73,Safe
11-01-2024 18:05,5.95,Safe
11-01-2024 18:10,5.83,Safe
11-01-2024 18:15,5.69,Safe
11-01-2024 18:20,5.78,Safe
11-01-2024 18:25,5.66,Safe
11-01-2024 18:30,5.7,Safe
11-01-2024 18:35,6.64,Safe
11-01-2024 18:40,6.27,Safe
11-01-2024 18:45,6.14,Safe
11-01-2024 18:50,6.01,Safe
11-01-2024 18:55,6.58,Safe
11-01-2024 19:00,6.23,Safe
11-01-2024 19:05,6.4,Safe
11-01-2024 19:10,6.24,Safe
11-01-2024 19:15,6.21,Safe
11-01-2024 19:20,6.09,Safe
11-01-2024 19:25,6,Safe
11-01-2024 19:30,5.81,Safe
11-01-2024 19:35,5.69,Safe
11-01-2024 19:40,5.8,Safe
11-01-2024 19:45,6.79,Safe
11-01-2024 19:50,6.53,Safe
11-01-2024 19:55,6.35,Safe
11-01-2024 20:00,6.21,Safe
11-01-2024 20:05,6.51,Safe
11-01-2024 20:10,6.28,Safe
11-01-2024 20:15,6.79,Safe
11-01-2024 20:20,6.32,Safe
11-01-2024 20:25,6.46,Safe
11-01-2024 20:30,6.3,Safe
11-01-2024 20:35,6.83,Safe
11-01-2024 20:40,6.55,Safe
11-01-2024 20:45,6.38,Safe
11-01-2024 20:50,6.39,Safe
11-01-2024 20:55,6.38,Safe
11-01-2024 21:00,6.38,Safe
11-01-2024 21:05,6.75,Safe
11-01-2024 21:10,6.6,Safe
11-01-2024 21:15,6.46,Safe
11-01-2024 21:20,6.38,Safe
11-01-2024 21:25,6.44,Safe
11-01-2024 21:30,6.38,Safe
11-01-2024 21:35,6.27,Safe
11-01-2024 21:40,6.17,Safe
11-01-2024 21:45,6.22,Safe
11-01-2024 21:50,6.11,Safe
11-01-2024 21:55,6.07,Safe
11-01-2024 22:00,6.15,Safe
11-01-2024 22:05,6.33,Safe
11-01-2024 22:10,6.2,Safe
11-01-2024 22:15,6.89,Safe
11-01-2024 22:20,6.64,Safe
11-01-2024 22:25,6.96,Safe
11-01-2024 22:30,6.54,Safe
11-01-2024 22:35,6.9,Safe
11-01-2024 22:40,6.46,Safe
11-01-2024 22:45,6.31,Safe
11-01-2024 22:50,6.41,Safe
11-01-2024 22:55,6.24,Safe
11-01-2024 23:00,6.09,Safe
11-01-2024 23:05,6.28,Safe
11-01-2024 23:10,6.37,Safe
11-01-2024 23:15,6.25,Safe
11-01-2024 23:20,6.36,Safe
11-01-2024 23:25,6.26,Safe
11-01-2024 23:30,6.31,Safe
11-01-2024 23:35,6.14,Safe
11-01-2024 23:40,6.18,Safe
11-01-2024 23:45,6.21,Safe
11-01-2024 23:50,6.06,Safe
11-01-2024 23:55,6.16,Safe
12-01-2024 00:00,6.23,Safe
12-01-2024 00:05,6.02,Safe
12-01-2024 00:10,6.41,Safe
12-01-2024 00:15,6.25,Safe
12-01-2024 00:20,6.35,Safe
12-01-2024 00:25,6.3,Safe
12-01-2024 00:30,6.15,Safe
12-01-2024 00:35,6.06,Safe
12-01-2024 00:40,6.24,Safe
12-01-2024 00:45,5.57,Safe
12-01-2024 00:50,5.38,Safe
12-01-2024 00:55,5.24,Safe
12-01-2024 01:00,5.1,Safe
12-01-2024 01:05,5.11,Safe
12-01-2024 01:10,5.31,Safe
12-01-2024 01:15,5.15,Safe
12-01-2024 01:20,5.25,Safe
12-01-2024 01:25,5.23,Safe
12-01-2024 01:30,5.14,Safe
12-01-2024 01:35,5.02,Safe
12-01-2024 01:40,5.67,Safe
12-01-2024 01:45,5.85,Safe
12-01-2024 01:50,6.01,Safe
12-01-2024 01:55,5.97,Safe
12-01-2024 02:00,5.89,Safe
12-01-2024 02:05,5.97,Safe
12-01-2024 02:10,6.07,Safe
12-01-2024 02:15,5.95,Safe
12-01-2024 02:20,5.88,Safe
12-01-2024 02:25,5.82,Safe
12-01-2024 02:30,5.86,Safe
12-01-2024 02:35,5.95,Safe
12-01-2024 02:40,5.49,Safe
12-01-2024 02:45,5.56,Safe
12-01-2024 02:50,5.63,Safe
12-01-2024 02:55,5.54,Safe
12-01-2024 03:00,5.66,Safe
12-01-2024 03:05,5.8,Safe
12-01-2024 03:10,5.88,Safe
12-01-2024 03:15,5.94,Safe
12-01-2024 03:20,6.09,Safe
12-01-2024 03:25,6.32,Safe
12-01-2024 03:30,6.34,Safe
12-01-2024 03:35,6.28,Safe
12-01-2024 03:40,6.13,Safe
12-01-2024 03:45,5.94,Safe
12-01-2024 03:50,6.01,Safe
12-01-2024 03:55,6.05,Safe
12-01-2024 04:00,6.27,Safe
12-01-2024 04:05,6.26,Safe
12-01-2024 04:10,6.44,Safe
12-01-2024 04:15,6.38,Safe
12-01-2024 04:20,6.45,Safe
12-01-2024 04:25,6.27,Safe
12-01-2024 04:30,6.34,Safe
12-01-2024 04:35,6.73,Safe
12-01-2024 04:40,6.34,Safe
12-01-2024 04:45,6.42,Safe
12-01-2024 04:50,6.21,Safe
12-01-2024 04:55,6.08,Safe
12-01-2024 05:00,7.02,Safe
12-01-2024 05:05,6.68,Safe
12-01-2024 05:10,6.39,Safe
12-01-2024 05:15,6.28,Safe
12-01-2024 05:20,7.07,Safe
12-01-2024 05:25,6.7,Safe
12-01-2024 05:30,6.29,Safe
12-01-2024 05:35,5.84,Safe
12-01-2024 05:40,6,Safe
12-01-2024 05:45,6.18,Safe
12-01-2024 05:50,6.36,Safe
12-01-2024 05:55,6.32,Safe
12-01-2024 06:00,6.29,Safe
12-01-2024 06:05,6.18,Safe
12-01-2024 06:10,6.11,Safe
12-01-2024 06:15,6.08,Safe
12-01-2024 06:20,5.89,Safe
12-01-2024 06:25,6.02,Safe
12-01-2024 06:30,6.15,Safe
12-01-2024 06:35,6.23,Safe
12-01-2024 06:40,6.38,Safe
12-01-2024 06:45,6.24,Safe
12-01-2024 06:50,6.18,Safe
12-01-2024 06:55,6.01,Safe
12-01-2024 07:00,5.95,Safe
12-01-2024 07:05,6.55,Safe
12-01-2024 07:10,6.33,Safe
12-01-2024 07:15,6.23,Safe
12-01-2024 07:20,6.63,Safe
12-01-2024 07:25,6.97,Safe
12-01-2024 07:30,6.58,Safe
12-01-2024 07:35,6.43,Safe
12-01-2024 07:40,6.26,Safe
12-01-2024 07:45,6.32,Safe
12-01-2024 07:50,6.93,Safe
12-01-2024 07:55,6.74,Safe
12-01-2024 08:00,6.44,Safe
12-01-2024 08:05,6.93,Safe
12-01-2024 08:10,6.6,Safe
12-01-2024 08:15,7.55,Safe
12-01-2024 08:20,7.31,Safe
12-01-2024 08:25,7.12,Safe
12-01-2024 08:30,6.97,Safe
12-01-2024 08:35,6.86,Safe
12-01-2024 08:40,6.61,Safe
12-01-2024 08:45,6.21,Safe
12-01-2024 08:50,6.26,Safe
12-01-2024 08:55,6.35,Safe
12-01-2024 09:00,6.88,Safe
12-01-2024 09:05,6.62,Safe
12-01-2024 09:10,6.51,Safe
12-01-2024 09:15,6.33,Safe
12-01-2024 09:20,6.16,Safe
12-01-2024 09:25,6.15,Safe
12-01-2024 09:30,6.1,Safe
12-01-2024 09:35,6.27,Safe
12-01-2024 09:40,9.45,Warning
12-01-2024 09:45,9.24,Warning
12-01-2024 09:50,9.13,Warning
12-01-2024 09:55,8.99,Warning
12-01-2024 10:00,8.54,Warning
12-01-2024 10:05,8.25,Warning
12-01-2024 10:10,7.88,Safe
12-01-2024 10:15,7.72,Safe
12-01-2024 10:20,7.54,Safe
12-01-2024 10:25,7.41,Safe
12-01-2024 10:30,7.13,Safe
12-01-2024 10:35,6.73,Safe
12-01-2024 10:40,6.55,Safe
12-01-2024 10:45,6.36,Safe
12-01-2024 10:50,6.44,Safe
12-01-2024 10:55,6.83,Safe
12-01-2024 11:00,6.56,Safe
12-01-2024 11:05,6.46,Safe
12-01-2024 11:10,6.42,Safe
12-01-2024 11:15,6.36,Safe
12-01-2024 11:20,5.21,Safe
12-01-2024 11:25,5.28,Safe
12-01-2024 11:30,5.15,Safe
12-01-2024 11:35,5.16,Safe
12-01-2024 11:40,5.21,Safe
12-01-2024 11:45,5.69,Safe
12-01-2024 11:50,5.56,Safe
12-01-2024 11:55,5.55,Safe
12-01-2024 12:00,5.48,Safe
12-01-2024 12:05,5.59,Safe
12-01-2024 12:10,5.6,Safe
12-01-2024 12:15,5.74,Safe
12-01-2024 12:20,6.18,Safe
12-01-2024 12:25,6.26,Safe
12-01-2024 12:30,6.29,Safe
12-01-2024 12:35,6.25,Safe
12-01-2024 12:40,6.23,Safe
12-01-2024 12:45,6.42,Safe
12-01-2024 12:50,6.25,Safe
12-01-2024 12:55,6.3,Safe
12-01-2024 13:00,6.4,Safe
12-01-2024 13:05,6.37,Safe
12-01-2024 13:10,6.4,Safe
12-01-2024 13:15,6.36,Safe
12-01-2024 13:20,6.2,Safe
12-01-2024 13:25,6.08,Safe
12-01-2024 13:30,6.14,Safe
12-01-2024 13:35,6.06,Safe
12-01-2024 13:40,5.98,Safe
12-01-2024 13:45,5.79,Safe
12-01-2024 13:50,5.55,Safe
12-01-2024 13:55,5.69,Safe
12-01-2024 14:00,5.49,Safe
12-01-2024 14:05,5.86,Safe
12-01-2024 14:10,6.05,Safe
12-01-2024 14:15,6.17,Safe
12-01-2024 14:20,7.11,Safe
12-01-2024 14:25,6.93,Safe
12-01-2024 14:30,6.7,Safe
12-01-2024 14:35,6.56,Safe
12-01-2024 14:40,6.49,Safe
12-01-2024 14:45,6.42,Safe
12-01-2024 14:50,6.29,Safe
12-01-2024 14:55,6.09,Safe
12-01-2024 15:00,5.77,Safe
12-01-2024 15:05,5.66,Safe
12-01-2024 15:10,5.68,Safe
12-01-2024 15:15,5.55,Safe
12-01-2024 15:20,5.62,Safe
12-01-2024 15:25,5.56,Safe
12-01-2024 15:30,5.38,Safe
12-01-2024 15:35,5.72,Safe
12-01-2024 15:40,6.35,Safe
12-01-2024 15:45,6.24,Safe
12-01-2024 15:50,7.19,Safe
12-01-2024 15:55,6.79,Safe
12-01-2024 16:00,6.34,Safe
12-01-2024 16:05,7.27,Safe
12-01-2024 16:10,6.95,Safe
12-01-2024 16:15,6.83,Safe
12-01-2024 16:20,6.56,Safe
12-01-2024 16:25,6.25,Safe
12-01-2024 16:30,6.38,Safe
12-01-2024 16:35,6.28,Safe
12-01-2024 16:40,6.3,Safe
12-01-2024 16:45,6.29,Safe
12-01-2024 16:50,5.7,Safe
12-01-2024 16:55,5.8,Safe
12-01-2024 17:00,5.73,Safe
12-01-2024 17:05,5.71,Safe
12-01-2024 17:10,5.08,Safe
12-01-2024 17:15,5.9,Safe
12-01-2024 17:20,6.83,Safe
12-01-2024 17:25,6.61,Safe
12-01-2024 17:30,7.4,Safe
12-01-2024 17:35,7.13,Safe
12-01-2024 17:40,6.74,Safe
12-01-2024 17:45,6.28,Safe
12-01-2024 17:50,6.26,Safe
12-01-2024 17:55,6.26,Safe
12-01-2024 18:00,6.32,Safe
12-01-2024 18:05,6.16,Safe
12-01-2024 18:10,5.98,Safe
12-01-2024 18:15,5.88,Safe
12-01-2024 18:20,5.94,Safe
12-01-2024 18:25,5.93,Safe
12-01-2024 18:30,5.9,Safe
12-01-2024 18:35,5.77,Safe
12-01-2024 18:40,5.96,Safe
12-01-2024 18:45,5.94,Safe
12-01-2024 18:50,5.89,Safe
12-01-2024 18:55,5.71,Safe
12-01-2024 19:00,5.64,Safe
12-01-2024 19:05,5.57,Safe
12-01-2024 19:10,5.59,Safe
12-01-2024 19:15,5.44,Safe
12-01-2024 19:20,5.48,Safe
12-01-2024 19:25,5.6,Safe
12-01-2024 19:30,5.63,Safe
12-01-2024 19:35,5.82,Safe
12-01-2024 19:40,6.21,Safe
12-01-2024 19:45,6.27,Safe
12-01-2024 19:50,5.82,Safe
12-01-2024 19:55,6.6,Safe
12-01-2024 20:00,6.28,Safe
12-01-2024 20:05,6.25,Safe
12-01-2024 20:10,6.17,Safe
12-01-2024 20:15,6.04,Safe
12-01-2024 20:20,5.95,Safe
12-01-2024 20:25,5.79,Safe
12-01-2024 20:30,5.96,Safe
12-01-2024 20:35,5.99,Safe
12-01-2024 20:40,6.14,Safe
12-01-2024 20:45,6.86,Safe
12-01-2024 20:50,6.73,Safe
12-01-2024 20:55,7.03,Safe
12-01-2024 21:00,6.9,Safe
12-01-2024 21:05,6.4,Safe
12-01-2024 21:10,6.35,Safe
12-01-2024 21:15,6.48,Safe
12-01-2024 21:20,6.21,Safe
12-01-2024 21:25,6.3,Safe
12-01-2024 21:30,6.23,Safe
12-01-2024 21:35,6.35,Safe
12-01-2024 21:40,6.27,Safe
12-01-2024 21:45,6.23,Safe
12-01-2024 21:50,6.16,Safe
12-01-2024 21:55,6.34,Safe
12-01-2024 22:00,6.18,Safe
12-01-2024 22:05,6.12,Safe
